100000.000000, -82.2384
124414.062500, -84.0007
148828.125000, -84.7254
173242.187500, -85.2159
197656.250000, -85.8149
222070.312500, -86.6550
246484.375000, -87.0224
270898.437500, -86.6270
295312.500000, -86.2874
319726.562500, -86.2743
344140.625000, -86.1136
368554.687500, -86.1491
392968.750000, -86.1700
417382.812500, -86.2853
441796.875000, -86.7693
466210.937500, -87.4242
490625.000000, -88.0501
515039.062500, -88.0852
539453.125000, -88.1191
563867.187500, -88.3881
588281.250000, -88.4920
612695.312500, -88.3264
637109.375000, -88.0536
661523.437500, -87.8510
685937.500000, -87.8134
710351.562500, -88.0088
734765.625000, -88.0101
759179.687500, -87.7680
783593.750000, -87.9535
808007.812500, -88.3305
832421.875000, -88.5710
856835.937500, -88.7544
881250.000000, -88.6114
905664.062500, -88.4568
930078.125000, -88.3834
954492.187500, -88.1843
978906.250000, -87.9447
1003320.312500, -88.0761
1027734.375000, -88.6079
1052148.437500, -89.2915
1076562.500000, -90.0949
1100976.562500, -90.8527
1125390.625000, -91.0402
1149804.687500, -90.7465
1174218.750000, -90.2408
1198632.812500, -89.5664
1223046.875000, -89.2682
1247460.937500, -89.0325
1271875.000000, -89.1586
1296289.062500, -89.4183
1320703.125000, -89.4563
1345117.187500, -88.9087
1369531.250000, -88.2743
1393945.312500, -88.2905
1418359.375000, -88.8546
1442773.437500, -89.0034
1467187.500000, -88.9027
1491601.562500, -88.9670
1516015.625000, -89.0297
1540429.687500, -89.1950
1564843.750000, -89.1087
1589257.812500, -88.8133
1613671.875000, -88.5272
1638085.937500, -88.6901
1662500.000000, -89.1457
1686914.062500, -89.5289
1711328.125000, -89.9951
1735742.187500, -89.9143
1760156.250000, -89.6644
1784570.312500, -89.5847
1808984.375000, -89.3196
1833398.437500, -89.1552
1857812.500000, -89.2924
1882226.562500, -89.3347
1906640.625000, -89.7992
1931054.687500, -90.5743
1955468.750000, -90.8201
1979882.812500, -90.4492
2004296.875000, -90.0187
2028710.937500, -89.8067
2053125.000000, -89.8441
2077539.062500, -90.3107
2101953.125000, -90.9259
2126367.187500, -91.1152
2150781.250000, -91.2752
2175195.312500, -91.2805
2199609.375000, -90.8555
2224023.437500, -90.3358
2248437.500000, -90.0652
2272851.562500, -89.9388
2297265.625000, -90.0190
2321679.687500, -90.3108
2346093.750000, -90.3248
2370507.812500, -90.5072
2394921.875000, -90.6116
2419335.937500, -90.4955
2443750.000000, -90.7723
2468164.062500, -90.8499
2492578.125000, -90.7857
2516992.187500, -90.9520
2541406.250000, -90.8896
2565820.312500, -90.6130
2590234.375000, -90.3999
2614648.437500, -90.4855
2639062.500000, -90.6441
2663476.562500, -90.3555
2687890.625000, -90.1956
2712304.687500, -89.8751
2736718.750000, -89.6290
2761132.812500, -89.3857
2785546.875000, -89.1677
2809960.937500, -89.6041
2834375.000000, -89.7691
2858789.062500, -89.9275
2883203.125000, -90.1380
2907617.187500, -90.1283
2932031.250000, -90.1087
2956445.312500, -90.1591
2980859.375000, -90.0694
3005273.437500, -89.8685
3029687.500000, -89.5154
3054101.562500, -89.2426
3078515.625000, -89.6728
3102929.687500, -90.0274
3127343.750000, -89.8951
3151757.812500, -89.8537
3176171.875000, -89.6779
3200585.937500, -89.6901
3225000.000000, -90.1236
3249414.062500, -90.4674
3273828.125000, -90.4759
3298242.187500, -90.3741
3322656.250000, -90.0205
3347070.312500, -89.7797
3371484.375000, -89.8050
3395898.437500, -89.7761
3420312.500000, -89.9186
3444726.562500, -90.1000
3469140.625000, -90.5369
3493554.687500, -91.1794
3517968.750000, -91.4636
3542382.812500, -91.6203
3566796.875000, -91.1803
3591210.937500, -90.8423
3615625.000000, -90.9943
3640039.062500, -91.0895
3664453.125000, -91.0078
3688867.187500, -90.9825
3713281.250000, -91.4826
3737695.312500, -91.7655
3762109.375000, -91.4820
3786523.437500, -91.4345
3810937.500000, -91.6143
3835351.562500, -91.5097
3859765.625000, -91.0180
3884179.687500, -90.6322
3908593.750000, -90.5717
3933007.812500, -90.7244
3957421.875000, -91.0849
3981835.937500, -91.5941
4006250.000000, -91.6671
4030664.062500, -91.1691
4055078.125000, -90.7493
4079492.187500, -90.6977
4103906.250000, -90.9226
4128320.312500, -91.2825
4152734.375000, -90.9956
4177148.437500, -90.4624
4201562.500000, -90.4792
4225976.562500, -90.3087
4250390.625000, -90.0095
4274804.687500, -90.2704
4299218.750000, -90.5137
4323632.812500, -90.5897
4348046.875000, -90.8517
4372460.937500, -90.9184
4396875.000000, -91.0541
4421289.062500, -91.0841
4445703.125000, -90.7022
4470117.187500, -90.5516
4494531.250000, -90.2558
4518945.312500, -90.0482
4543359.375000, -90.0502
4567773.437500, -89.7222
4592187.500000, -89.5376
4616601.562500, -89.5882
4641015.625000, -89.6897
4665429.687500, -90.1950
4689843.750000, -90.8361
4714257.812500, -91.1794
4738671.875000, -90.7790
4763085.937500, -90.4524
4787500.000000, -90.6577
4811914.062500, -90.7115
4836328.125000, -90.8457
4860742.187500, -90.4918
4885156.250000, -89.8225
4909570.312500, -89.5386
4933984.375000, -89.5988
4958398.437500, -89.9613
4982812.500000, -90.2440
5007226.562500, -90.3724
5031640.625000, -90.8459
5056054.687500, -91.3221
5080468.750000, -91.0235
5104882.812500, -90.7561
5129296.875000, -90.8628
5153710.937500, -90.9278
5178125.000000, -90.9345
5202539.062500, -91.0260
5226953.125000, -90.8003
5251367.187500, -90.3515
5275781.250000, -90.2232
5300195.312500, -90.2325
5324609.375000, -90.1960
5349023.437500, -90.2297
5373437.500000, -90.1736
5397851.562500, -90.0847
5422265.625000, -89.9785
5446679.687500, -90.1861
5471093.750000, -90.4533
5495507.812500, -90.5103
5519921.875000, -91.0249
5544335.937500, -91.1882
5568750.000000, -90.9544
5593164.062500, -90.8630
5617578.125000, -91.0300
5641992.187500, -90.9621
5666406.250000, -91.0353
5690820.312500, -91.2722
5715234.375000, -91.2699
5739648.437500, -91.1648
5764062.500000, -91.0324
5788476.562500, -90.7588
5812890.625000, -90.6244
5837304.687500, -90.8781
5861718.750000, -91.3934
5886132.812500, -91.7296
5910546.875000, -91.5463
5934960.937500, -91.5129
5959375.000000, -91.9142
5983789.062500, -92.4127
6008203.125000, -91.8175
6032617.187500, -90.4919
6057031.250000, -90.0135
6081445.312500, -90.4325
6105859.375000, -90.5057
6130273.437500, -90.2892
6154687.500000, -90.3341
6179101.562500, -90.3554
6203515.625000, -90.3341
6227929.687500, -90.5633
6252343.750000, -90.7474
6276757.812500, -90.6968
6301171.875000, -90.4042
6325585.937500, -90.2626
6350000.000000, -90.4091
6374414.062500, -90.9307
6398828.125000, -91.5525
6423242.187500, -91.3012
6447656.250000, -91.1271
6472070.312500, -91.4052
6496484.375000, -91.4153
6520898.437500, -90.9224
6545312.500000, -90.2566
6569726.562500, -89.6516
6594140.625000, -89.4982
6618554.687500, -90.3063
6642968.750000, -91.0301
6667382.812500, -91.1397
6691796.875000, -91.3208
6716210.937500, -91.4005
6740625.000000, -91.4626
6765039.062500, -91.4328
6789453.125000, -91.3430
6813867.187500, -91.2522
6838281.250000, -91.0300
6862695.312500, -91.1590
6887109.375000, -91.3907
6911523.437500, -91.5745
6935937.500000, -91.6009
6960351.562500, -91.4205
6984765.625000, -91.3631
7009179.687500, -91.2302
7033593.750000, -91.0491
7058007.812500, -90.5731
7082421.875000, -90.4336
7106835.937500, -90.5476
7131250.000000, -90.3690
7155664.062500, -90.4549
7180078.125000, -90.7233
7204492.187500, -90.9754
7228906.250000, -91.1224
7253320.312500, -91.2290
7277734.375000, -91.3404
7302148.437500, -91.1226
7326562.500000, -90.7307
7350976.562500, -90.5473
7375390.625000, -90.8942
7399804.687500, -91.6251
7424218.750000, -92.3914
7448632.812500, -92.4722
7473046.875000, -91.8473
7497460.937500, -91.2314
7521875.000000, -91.0833
7546289.062500, -91.4235
7570703.125000, -91.4461
7595117.187500, -90.8206
7619531.250000, -90.5511
7643945.312500, -90.6149
7668359.375000, -90.7653
7692773.437500, -90.9577
7717187.500000, -91.1164
7741601.562500, -90.8492
7766015.625000, -90.4716
7790429.687500, -90.1671
7814843.750000, -89.8267
7839257.812500, -89.7787
7863671.875000, -90.0565
7888085.937500, -90.1718
7912500.000000, -89.9991
7936914.062500, -90.1594
7961328.125000, -90.6022
7985742.187500, -90.6163
8010156.250000, -90.2362
8034570.312500, -90.1227
8058984.375000, -90.2722
8083398.437500, -90.5540
8107812.500000, -90.9122
8132226.562500, -91.1322
8156640.625000, -91.1411
8181054.687500, -91.0844
8205468.750000, -91.2805
8229882.812500, -91.5177
8254296.875000, -91.3237
8278710.937500, -91.1754
8303125.000000, -91.1694
8327539.062500, -91.0717
8351953.125000, -90.8543
8376367.187500, -90.5381
8400781.250000, -90.3635
8425195.312500, -90.4242
8449609.375000, -90.5906
8474023.437500, -90.7993
8498437.500000, -91.0432
8522851.562500, -90.5962
8547265.625000, -90.3392
8571679.687500, -90.9198
8596093.750000, -91.2830
8620507.812500, -91.0811
8644921.875000, -91.1937
8669335.937500, -91.4203
8693750.000000, -91.7878
8718164.062500, -92.0123
8742578.125000, -91.9157
8766992.187500, -92.0528
8791406.250000, -92.1005
8815820.312500, -91.6763
8840234.375000, -91.0193
8864648.437500, -90.5036
8889062.500000, -90.1998
8913476.562500, -90.5508
8937890.625000, -91.1648
8962304.687500, -91.7721
8986718.750000, -91.8194
9011132.812500, -90.8938
9035546.875000, -90.2696
9059960.937500, -89.9125
9084375.000000, -89.7187
9108789.062500, -90.1160
9133203.125000, -90.5984
9157617.187500, -90.7657
9182031.250000, -90.9449
9206445.312500, -91.2272
9230859.375000, -91.6544
9255273.437500, -91.8493
9279687.500000, -91.3123
9304101.562500, -90.9895
9328515.625000, -90.9419
9352929.687500, -91.0673
9377343.750000, -91.3054
9401757.812500, -91.2282
9426171.875000, -91.1760
9450585.937500, -91.3540
9475000.000000, -91.1217
9499414.062500, -90.8517
9523828.125000, -90.4901
9548242.187500, -90.0072
9572656.250000, -89.6635
9597070.312500, -89.5973
9621484.375000, -89.6373
9645898.437500, -89.4944
9670312.500000, -89.1965
9694726.562500, -89.3923
9719140.625000, -88.9887
9743554.687500, -88.8044
9767968.750000, -88.4826
9792382.812500, -88.4010
9816796.875000, -88.3959
9841210.937500, -88.6384
9865625.000000, -89.1572
9890039.062500, -75.0881
9914453.125000, -48.9384
9938867.187500, -36.2986
9963281.250000, -30.7665
9987695.312500, -29.4894
10012109.375000, -29.4677
10036523.437500, -30.2792
10060937.500000, -34.7719
10085351.562500, -45.7656
10109765.625000, -68.1198
10134179.687500, -89.1819
10158593.750000, -88.7359
10183007.812500, -88.7608
10207421.875000, -89.1207
10231835.937500, -89.6528
10256250.000000, -90.2532
10280664.062500, -90.2323
10305078.125000, -90.2614
10329492.187500, -90.3419
10353906.250000, -90.4864
10378320.312500, -90.9045
10402734.375000, -91.2380
10427148.437500, -90.8116
10451562.500000, -90.2060
10475976.562500, -90.0525
10500390.625000, -90.1971
10524804.687500, -90.5721
10549218.750000, -91.4183
10573632.812500, -91.7749
10598046.875000, -91.8787
10622460.937500, -92.1889
10646875.000000, -92.4454
10671289.062500, -91.9742
10695703.125000, -91.5975
10720117.187500, -91.8196
10744531.250000, -92.0330
10768945.312500, -92.3486
10793359.375000, -92.5907
10817773.437500, -92.4746
10842187.500000, -91.6922
10866601.562500, -90.7836
10891015.625000, -90.5487
10915429.687500, -90.5345
10939843.750000, -91.0595
10964257.812500, -92.1265
10988671.875000, -92.3701
11013085.937500, -91.9677
11037500.000000, -91.3775
11061914.062500, -90.9995
11086328.125000, -91.1456
11110742.187500, -91.5529
11135156.250000, -91.7425
11159570.312500, -91.8451
11183984.375000, -91.4104
11208398.437500, -91.2749
11232812.500000, -91.3771
11257226.562500, -91.1505
11281640.625000, -91.1078
11306054.687500, -91.2347
11330468.750000, -91.4960
11354882.812500, -91.7402
11379296.875000, -91.5613
11403710.937500, -91.0089
11428125.000000, -91.0827
11452539.062500, -91.2722
11476953.125000, -91.1207
11501367.187500, -90.9520
11525781.250000, -91.0615
11550195.312500, -91.3998
11574609.375000, -91.8675
11599023.437500, -92.7302
11623437.500000, -92.9344
11647851.562500, -92.2280
11672265.625000, -91.5146
11696679.687500, -90.9205
11721093.750000, -90.7161
11745507.812500, -90.7224
11769921.875000, -90.8200
11794335.937500, -91.0694
11818750.000000, -91.4717
11843164.062500, -92.0762
11867578.125000, -92.1547
11891992.187500, -91.4061
11916406.250000, -90.6919
11940820.312500, -90.6374
11965234.375000, -90.9204
11989648.437500, -91.1347
12014062.500000, -91.3874
12038476.562500, -91.4739
12062890.625000, -91.0534
12087304.687500, -90.7482
12111718.750000, -90.9646
12136132.812500, -91.1703
12160546.875000, -90.8740
12184960.937500, -90.5977
12209375.000000, -90.4255
12233789.062500, -90.5985
12258203.125000, -90.9544
12282617.187500, -90.8917
12307031.250000, -90.5972
12331445.312500, -90.5203
12355859.375000, -90.8702
12380273.437500, -91.5263
12404687.500000, -92.0368
12429101.562500, -92.2395
12453515.625000, -91.7142
12477929.687500, -91.4834
12502343.750000, -91.3226
12526757.812500, -90.8928
12551171.875000, -90.6366
12575585.937500, -90.5686
12600000.000000, -90.8247
12624414.062500, -90.9838
12648828.125000, -91.3412
12673242.187500, -91.4286
12697656.250000, -90.7655
12722070.312500, -90.7034
12746484.375000, -91.2600
12770898.437500, -91.6144
12795312.500000, -91.7457
12819726.562500, -91.4717
12844140.625000, -90.9458
12868554.687500, -90.9523
12892968.750000, -90.9834
12917382.812500, -90.2873
12941796.875000, -89.9057
12966210.937500, -90.0130
12990625.000000, -90.3301
13015039.062500, -91.5557
13039453.125000, -92.4972
13063867.187500, -92.1352
13088281.250000, -91.5269
13112695.312500, -91.3670
13137109.375000, -91.3054
13161523.437500, -91.2022
13185937.500000, -91.7147
13210351.562500, -92.1770
13234765.625000, -92.0725
13259179.687500, -91.8610
13283593.750000, -91.2814
13308007.812500, -90.8668
13332421.875000, -91.2617
13356835.937500, -91.6802
13381250.000000, -91.7801
13405664.062500, -91.3249
13430078.125000, -90.6604
13454492.187500, -90.4979
13478906.250000, -90.4439
13503320.312500, -90.3328
13527734.375000, -90.6720
13552148.437500, -91.3184
13576562.500000, -91.8248
13600976.562500, -91.9947
13625390.625000, -91.9279
13649804.687500, -91.5153
13674218.750000, -90.8937
13698632.812500, -90.6366
13723046.875000, -90.8771
13747460.937500, -91.2165
13771875.000000, -91.3501
13796289.062500, -91.7354
13820703.125000, -92.3393
13845117.187500, -92.6850
13869531.250000, -92.5899
13893945.312500, -92.2251
13918359.375000, -91.6001
13942773.437500, -91.2761
13967187.500000, -91.5742
13991601.562500, -91.8363
14016015.625000, -91.6432
14040429.687500, -91.6075
14064843.750000, -91.1791
14089257.812500, -90.9201
14113671.875000, -91.0688
14138085.937500, -91.0737
14162500.000000, -91.0788
14186914.062500, -90.9498
14211328.125000, -90.9521
14235742.187500, -90.7980
14260156.250000, -90.2961
14284570.312500, -89.8828
14308984.375000, -89.3773
14333398.437500, -89.1138
14357812.500000, -89.2282
14382226.562500, -89.5160
14406640.625000, -90.1548
14431054.687500, -91.0135
14455468.750000, -91.3741
14479882.812500, -91.2374
14504296.875000, -91.2126
14528710.937500, -90.8737
14553125.000000, -90.5136
14577539.062500, -90.6082
14601953.125000, -90.8041
14626367.187500, -90.7388
14650781.250000, -91.1255
14675195.312500, -91.9564
14699609.375000, -92.0666
14724023.437500, -91.9346
14748437.500000, -92.0566
14772851.562500, -91.8628
14797265.625000, -91.5818
14821679.687500, -91.8452
14846093.750000, -92.2329
14870507.812500, -92.1642
14894921.875000, -92.0533
14919335.937500, -92.0086
14943750.000000, -91.9951
14968164.062500, -92.1471
14992578.125000, -91.9626
15016992.187500, -91.1326
15041406.250000, -90.5799
15065820.312500, -90.3115
15090234.375000, -90.3844
15114648.437500, -90.6221
15139062.500000, -91.1414
15163476.562500, -91.6861
15187890.625000, -91.9757
15212304.687500, -92.0339
15236718.750000, -92.0365
15261132.812500, -92.0030
15285546.875000, -91.4471
15309960.937500, -90.6836
15334375.000000, -90.2043
15358789.062500, -90.1103
15383203.125000, -90.2105
15407617.187500, -90.2828
15432031.250000, -90.4750
15456445.312500, -90.4785
15480859.375000, -90.3821
15505273.437500, -90.6879
15529687.500000, -91.0728
15554101.562500, -91.2299
15578515.625000, -91.2268
15602929.687500, -91.5268
15627343.750000, -91.8247
15651757.812500, -91.7055
15676171.875000, -91.3780
15700585.937500, -90.6906
15725000.000000, -90.1873
15749414.062500, -89.9362
15773828.125000, -89.8245
15798242.187500, -89.9940
15822656.250000, -90.1260
15847070.312500, -90.1459
15871484.375000, -90.5635
15895898.437500, -91.0248
15920312.500000, -91.4423
15944726.562500, -91.6572
15969140.625000, -91.1347
15993554.687500, -90.6427
16017968.750000, -90.3512
16042382.812500, -90.5218
16066796.875000, -91.4931
16091210.937500, -92.2906
16115625.000000, -92.4438
16140039.062500, -91.9224
16164453.125000, -90.8897
16188867.187500, -90.5249
16213281.250000, -90.8304
16237695.312500, -91.4127
16262109.375000, -92.2113
16286523.437500, -92.4917
16310937.500000, -92.0040
16335351.562500, -91.6435
16359765.625000, -91.2815
16384179.687500, -90.9582
16408593.750000, -91.1323
16433007.812500, -91.4216
16457421.875000, -91.2921
16481835.937500, -91.1496
16506250.000000, -91.0326
16530664.062500, -91.3576
16555078.125000, -91.6591
16579492.187500, -91.4931
16603906.250000, -91.2322
16628320.312500, -91.2975
16652734.375000, -91.7314
16677148.437500, -92.1848
16701562.500000, -91.8809
16725976.562500, -91.4593
16750390.625000, -91.6305
16774804.687500, -91.9369
16799218.750000, -92.1905
16823632.812500, -92.5282
16848046.875000, -92.5722
16872460.937500, -91.7929
16896875.000000, -91.1436
16921289.062500, -90.8072
16945703.125000, -90.7313
16970117.187500, -90.9533
16994531.250000, -91.1091
17018945.312500, -90.9565
17043359.375000, -90.9440
17067773.437500, -91.2115
17092187.500000, -91.5846
17116601.562500, -91.4289
17141015.625000, -91.1511
17165429.687500, -91.1391
17189843.750000, -90.7875
17214257.812500, -90.3990
17238671.875000, -90.4165
17263085.937500, -90.8762
17287500.000000, -91.3771
17311914.062500, -91.5686
17336328.125000, -91.7442
17360742.187500, -91.9173
17385156.250000, -91.7897
17409570.312500, -91.6724
17433984.375000, -91.5751
17458398.437500, -91.2087
17482812.500000, -90.8212
17507226.562500, -90.1125
17531640.625000, -89.7395
17556054.687500, -90.0982
17580468.750000, -90.0755
17604882.812500, -90.2383
17629296.875000, -91.1229
17653710.937500, -91.3798
17678125.000000, -91.1119
17702539.062500, -91.1569
17726953.125000, -91.4226
17751367.187500, -91.4723
17775781.250000, -91.1939
17800195.312500, -90.7603
17824609.375000, -90.7628
17849023.437500, -90.8450
17873437.500000, -90.9530
17897851.562500, -91.5018
17922265.625000, -92.1606
17946679.687500, -92.0836
17971093.750000, -91.7012
17995507.812500, -91.3339
18019921.875000, -90.9171
18044335.937500, -90.6904
18068750.000000, -90.3216
18093164.062500, -89.7902
18117578.125000, -89.5366
18141992.187500, -89.4985
18166406.250000, -89.5088
18190820.312500, -89.6280
18215234.375000, -90.0944
18239648.437500, -90.6190
18264062.500000, -90.9503
18288476.562500, -91.4619
18312890.625000, -91.8065
18337304.687500, -91.4770
18361718.750000, -90.8629
18386132.812500, -90.5285
18410546.875000, -90.8111
18434960.937500, -90.7642
18459375.000000, -90.5948
18483789.062500, -91.0366
18508203.125000, -91.7539
18532617.187500, -91.9720
18557031.250000, -92.2117
18581445.312500, -92.2955
18605859.375000, -92.3200
18630273.437500, -92.5407
18654687.500000, -91.7704
18679101.562500, -90.6410
18703515.625000, -90.2996
18727929.687500, -90.4051
18752343.750000, -90.5976
18776757.812500, -91.0900
18801171.875000, -91.4457
18825585.937500, -91.3572
18850000.000000, -91.3360
18874414.062500, -91.3394
18898828.125000, -91.0171
18923242.187500, -90.9623
18947656.250000, -90.8258
18972070.312500, -90.6656
18996484.375000, -90.7189
19020898.437500, -90.6068
19045312.500000, -90.9153
19069726.562500, -90.8172
19094140.625000, -90.6370
19118554.687500, -90.9154
19142968.750000, -90.7444
19167382.812500, -90.5457
19191796.875000, -91.0049
19216210.937500, -91.2710
19240625.000000, -91.1829
19265039.062500, -90.8881
19289453.125000, -90.6195
19313867.187500, -90.5424
19338281.250000, -90.4530
19362695.312500, -90.5066
19387109.375000, -90.5862
19411523.437500, -90.7939
19435937.500000, -91.0579
19460351.562500, -91.4471
19484765.625000, -91.6860
19509179.687500, -91.4994
19533593.750000, -90.8986
19558007.812500, -91.1784
19582421.875000, -91.2412
19606835.937500, -91.2779
19631250.000000, -91.0980
19655664.062500, -90.8962
19680078.125000, -90.6879
19704492.187500, -90.7123
19728906.250000, -90.8501
19753320.312500, -91.0350
19777734.375000, -90.9590
19802148.437500, -90.7954
19826562.500000, -90.5780
19850976.562500, -90.3139
19875390.625000, -90.1466
19899804.687500, -77.7177
19924218.750000, -58.7969
19948632.812500, -49.4223
19973046.875000, -45.9508
19997460.937500, -45.5073
20021875.000000, -45.5984
20046289.062500, -47.5180
20070703.125000, -54.2758
20095117.187500, -68.7813
20119531.250000, -90.1179
20143945.312500, -90.6501
20168359.375000, -90.8851
20192773.437500, -91.1632
20217187.500000, -91.2619
20241601.562500, -91.4097
20266015.625000, -91.4587
20290429.687500, -91.4819
20314843.750000, -91.3838
20339257.812500, -91.1441
20363671.875000, -91.2780
20388085.937500, -91.3503
20412500.000000, -90.7372
20436914.062500, -90.1471
20461328.125000, -90.1147
20485742.187500, -90.7784
20510156.250000, -91.2526
20534570.312500, -91.1811
20558984.375000, -91.0157
20583398.437500, -91.1192
20607812.500000, -91.1620
20632226.562500, -91.1018
20656640.625000, -91.0960
20681054.687500, -91.2330
20705468.750000, -91.3919
20729882.812500, -91.4314
20754296.875000, -91.2060
20778710.937500, -90.7656
20803125.000000, -90.5853
20827539.062500, -90.7501
20851953.125000, -91.0565
20876367.187500, -91.1901
20900781.250000, -90.8992
20925195.312500, -90.4233
20949609.375000, -90.1113
20974023.437500, -90.0022
20998437.500000, -90.1997
21022851.562500, -90.5608
21047265.625000, -91.1707
21071679.687500, -91.2388
21096093.750000, -90.6701
21120507.812500, -90.2492
21144921.875000, -90.1314
21169335.937500, -90.1768
21193750.000000, -90.3066
21218164.062500, -90.6804
21242578.125000, -91.1517
21266992.187500, -91.6310
21291406.250000, -92.0157
21315820.312500, -92.2267
21340234.375000, -92.5113
21364648.437500, -92.7232
21389062.500000, -92.4654
21413476.562500, -91.5216
21437890.625000, -91.0112
21462304.687500, -90.9439
21486718.750000, -90.9203
21511132.812500, -91.2122
21535546.875000, -91.8116
21559960.937500, -92.1520
21584375.000000, -92.3695
21608789.062500, -92.3389
21633203.125000, -92.0216
21657617.187500, -91.6518
21682031.250000, -91.0419
21706445.312500, -90.3495
21730859.375000, -90.0712
21755273.437500, -90.0266
21779687.500000, -90.4162
21804101.562500, -91.0260
21828515.625000, -91.4635
21852929.687500, -92.0708
21877343.750000, -91.5781
21901757.812500, -90.9511
21926171.875000, -91.0377
21950585.937500, -91.1792
21975000.000000, -91.3506
21999414.062500, -91.6622
22023828.125000, -91.8486
22048242.187500, -91.6998
22072656.250000, -91.6624
22097070.312500, -91.4476
22121484.375000, -91.0750
22145898.437500, -90.8644
22170312.500000, -90.5703
22194726.562500, -90.3513
22219140.625000, -90.0114
22243554.687500, -89.9098
22267968.750000, -90.2450
22292382.812500, -90.6466
22316796.875000, -90.5516
22341210.937500, -90.3914
22365625.000000, -90.9187
22390039.062500, -91.3637
22414453.125000, -91.2721
22438867.187500, -91.0792
22463281.250000, -91.1292
22487695.312500, -91.4041
22512109.375000, -91.2362
22536523.437500, -91.2043
22560937.500000, -91.3503
22585351.562500, -91.2428
22609765.625000, -91.1570
22634179.687500, -91.3242
22658593.750000, -91.6762
22683007.812500, -91.5337
22707421.875000, -91.2520
22731835.937500, -90.7874
22756250.000000, -90.2896
22780664.062500, -90.4386
22805078.125000, -90.6896
22829492.187500, -90.5805
22853906.250000, -90.6730
22878320.312500, -90.7872
22902734.375000, -91.4200
22927148.437500, -92.0858
22951562.500000, -91.4352
22975976.562500, -90.4484
23000390.625000, -89.9197
23024804.687500, -89.9187
23049218.750000, -90.1002
23073632.812500, -90.3795
23098046.875000, -90.8588
23122460.937500, -91.3284
23146875.000000, -91.7349
23171289.062500, -91.5924
23195703.125000, -91.1397
23220117.187500, -90.9275
23244531.250000, -90.9762
23268945.312500, -90.6536
23293359.375000, -90.5617
23317773.437500, -90.6105
23342187.500000, -90.4086
23366601.562500, -90.5343
23391015.625000, -91.0180
23415429.687500, -91.5058
23439843.750000, -91.7417
23464257.812500, -91.5859
23488671.875000, -91.3577
23513085.937500, -91.2198
23537500.000000, -91.2802
23561914.062500, -91.5994
23586328.125000, -91.9148
23610742.187500, -91.9543
23635156.250000, -91.5637
23659570.312500, -90.9397
23683984.375000, -90.5077
23708398.437500, -90.4040
23732812.500000, -90.6223
23757226.562500, -90.8567
23781640.625000, -91.1844
23806054.687500, -91.9332
23830468.750000, -92.2236
23854882.812500, -91.9209
23879296.875000, -91.5715
23903710.937500, -91.3071
23928125.000000, -91.2405
23952539.062500, -90.9973
23976953.125000, -90.9710
24001367.187500, -90.9372
24025781.250000, -90.5919
24050195.312500, -90.3871
24074609.375000, -90.6562
24099023.437500, -91.0798
24123437.500000, -91.1622
24147851.562500, -91.2279
24172265.625000, -91.2729
24196679.687500, -91.6091
24221093.750000, -92.1812
24245507.812500, -92.2575
24269921.875000, -92.0615
24294335.937500, -91.5408
24318750.000000, -91.0446
24343164.062500, -90.9097
24367578.125000, -90.7684
24391992.187500, -90.6815
24416406.250000, -90.8572
24440820.312500, -91.1271
24465234.375000, -91.0871
24489648.437500, -90.6243
24514062.500000, -90.0483
24538476.562500, -89.9705
24562890.625000, -90.4078
24587304.687500, -90.9771
24611718.750000, -91.4482
24636132.812500, -91.6096
24660546.875000, -91.4371
24684960.937500, -91.2967
24709375.000000, -91.3153
24733789.062500, -90.9548
24758203.125000, -90.2559
24782617.187500, -90.1284
24807031.250000, -90.6235
24831445.312500, -90.9408
24855859.375000, -91.1391
24880273.437500, -91.4230
24904687.500000, -91.7250
24929101.562500, -91.7982
24953515.625000, -91.5427
24977929.687500, -91.4604
25002343.750000, -91.1231
25026757.812500, -90.6125
25051171.875000, -90.4485
25075585.937500, -90.6375
25100000.000000, -91.1532
25124414.062500, -91.3993
25148828.125000, -91.4958
25173242.187500, -91.8605
25197656.250000, -91.9275
25222070.312500, -91.9496
25246484.375000, -92.1496
25270898.437500, -91.9734
25295312.500000, -91.5000
25319726.562500, -91.0457
25344140.625000, -91.0320
25368554.687500, -91.0521
25392968.750000, -90.9012
25417382.812500, -91.2312
25441796.875000, -91.4987
25466210.937500, -90.9529
25490625.000000, -90.6150
25515039.062500, -90.9128
25539453.125000, -91.4076
25563867.187500, -91.8531
25588281.250000, -91.8680
25612695.312500, -91.6409
25637109.375000, -91.3887
25661523.437500, -91.0493
25685937.500000, -90.9386
25710351.562500, -90.7482
25734765.625000, -91.0444
25759179.687500, -91.6484
25783593.750000, -91.7636
25808007.812500, -91.5172
25832421.875000, -91.2500
25856835.937500, -91.5568
25881250.000000, -91.7357
25905664.062500, -91.9134
25930078.125000, -92.0981
25954492.187500, -91.9285
25978906.250000, -92.0370
26003320.312500, -92.3237
26027734.375000, -92.2100
26052148.437500, -91.9488
26076562.500000, -91.8914
26100976.562500, -91.7348
26125390.625000, -91.7556
26149804.687500, -92.2176
26174218.750000, -92.5470
26198632.812500, -92.3000
26223046.875000, -91.7501
26247460.937500, -91.1546
26271875.000000, -90.5652
26296289.062500, -90.0819
26320703.125000, -89.9463
26345117.187500, -90.0432
26369531.250000, -90.3353
26393945.312500, -90.6618
26418359.375000, -91.2226
26442773.437500, -91.8553
26467187.500000, -92.4282
26491601.562500, -92.9471
26516015.625000, -92.5354
26540429.687500, -92.0137
26564843.750000, -91.8357
26589257.812500, -91.5570
26613671.875000, -91.4106
26638085.937500, -91.8127
26662500.000000, -92.3708
26686914.062500, -92.3333
26711328.125000, -92.2197
26735742.187500, -91.7787
26760156.250000, -91.3706
26784570.312500, -91.5681
26808984.375000, -91.6450
26833398.437500, -91.7820
26857812.500000, -91.5302
26882226.562500, -91.1362
26906640.625000, -91.1751
26931054.687500, -90.8342
26955468.750000, -90.2507
26979882.812500, -90.3967
27004296.875000, -90.8511
27028710.937500, -91.2469
27053125.000000, -91.7866
27077539.062500, -91.8195
27101953.125000, -91.4920
27126367.187500, -91.1408
27150781.250000, -90.8546
27175195.312500, -91.0885
27199609.375000, -91.4985
27224023.437500, -91.3113
27248437.500000, -90.7188
27272851.562500, -90.6412
27297265.625000, -90.9831
27321679.687500, -91.3171
27346093.750000, -91.5511
27370507.812500, -91.2446
27394921.875000, -90.5745
27419335.937500, -90.1696
27443750.000000, -90.3005
27468164.062500, -90.2912
27492578.125000, -90.5575
27516992.187500, -90.9895
27541406.250000, -91.2639
27565820.312500, -91.6127
27590234.375000, -91.8836
27614648.437500, -91.7639
27639062.500000, -91.0667
27663476.562500, -90.4763
27687890.625000, -90.3864
27712304.687500, -90.2769
27736718.750000, -90.5312
27761132.812500, -91.6011
27785546.875000, -92.8388
27809960.937500, -93.1840
27834375.000000, -92.5670
27858789.062500, -91.8761
27883203.125000, -91.2467
27907617.187500, -90.7736
27932031.250000, -90.5193
27956445.312500, -90.5419
27980859.375000, -90.9536
28005273.437500, -91.3853
28029687.500000, -91.4874
28054101.562500, -91.9738
28078515.625000, -92.7005
28102929.687500, -92.5102
28127343.750000, -91.5341
28151757.812500, -90.8585
28176171.875000, -90.6814
28200585.937500, -90.5923
28225000.000000, -90.6784
28249414.062500, -90.8998
28273828.125000, -91.1558
28298242.187500, -91.4806
28322656.250000, -91.6171
28347070.312500, -91.5802
28371484.375000, -91.1082
28395898.437500, -90.8238
28420312.500000, -91.1259
28444726.562500, -91.5481
28469140.625000, -91.7164
28493554.687500, -91.9778
28517968.750000, -92.0702
28542382.812500, -91.9772
28566796.875000, -91.6149
28591210.937500, -91.3701
28615625.000000, -91.5787
28640039.062500, -91.6463
28664453.125000, -91.0265
28688867.187500, -90.3721
28713281.250000, -90.1209
28737695.312500, -90.2580
28762109.375000, -90.4444
28786523.437500, -90.3207
28810937.500000, -90.1618
28835351.562500, -90.0417
28859765.625000, -90.4086
28884179.687500, -91.3589
28908593.750000, -91.8243
28933007.812500, -91.7726
28957421.875000, -91.5789
28981835.937500, -91.5135
29006250.000000, -91.9319
29030664.062500, -92.1960
29055078.125000, -91.9307
29079492.187500, -91.5158
29103906.250000, -91.4162
29128320.312500, -92.0583
29152734.375000, -92.9592
29177148.437500, -93.1974
29201562.500000, -92.5307
29225976.562500, -91.8363
29250390.625000, -91.2893
29274804.687500, -90.8188
29299218.750000, -90.5493
29323632.812500, -90.3595
29348046.875000, -90.2461
29372460.937500, -90.1206
29396875.000000, -90.2965
29421289.062500, -90.6910
29445703.125000, -90.8802
29470117.187500, -91.1476
29494531.250000, -91.0808
29518945.312500, -90.5705
29543359.375000, -90.2820
29567773.437500, -90.2002
29592187.500000, -90.2235
29616601.562500, -90.5205
29641015.625000, -91.0175
29665429.687500, -91.2937
29689843.750000, -91.5253
29714257.812500, -91.7794
29738671.875000, -91.8870
29763085.937500, -91.5132
29787500.000000, -90.9550
29811914.062500, -90.6393
29836328.125000, -90.7495
29860742.187500, -91.1386
29885156.250000, -91.1619
29909570.312500, -71.4282
29933984.375000, -56.8573
29958398.437500, -50.1682
29982812.500000, -48.2947
30007226.562500, -48.2063
30031640.625000, -48.6735
30056054.687500, -52.2241
30080468.750000, -61.7195
30104882.812500, -80.5679
30129296.875000, -90.0695
30153710.937500, -90.3780
30178125.000000, -91.1308
30202539.062500, -91.8587
30226953.125000, -91.6700
30251367.187500, -90.8613
30275781.250000, -90.0770
30300195.312500, -89.8446
30324609.375000, -89.6689
30349023.437500, -89.3879
30373437.500000, -89.5668
30397851.562500, -90.1303
30422265.625000, -91.0198
30446679.687500, -92.2775
30471093.750000, -92.7905
30495507.812500, -92.2764
30519921.875000, -91.5452
30544335.937500, -91.0713
30568750.000000, -90.8013
30593164.062500, -90.4744
30617578.125000, -90.4885
30641992.187500, -90.3868
30666406.250000, -89.7023
30690820.312500, -89.5053
30715234.375000, -89.9723
30739648.437500, -90.2798
30764062.500000, -90.7783
30788476.562500, -91.7931
30812890.625000, -92.0639
30837304.687500, -92.0430
30861718.750000, -92.2539
30886132.812500, -92.3640
30910546.875000, -92.3235
30934960.937500, -91.7496
30959375.000000, -91.3752
30983789.062500, -91.1774
31008203.125000, -90.9325
31032617.187500, -90.5063
31057031.250000, -89.9501
31081445.312500, -89.8637
31105859.375000, -90.0774
31130273.437500, -90.6954
31154687.500000, -91.2291
31179101.562500, -91.0726
31203515.625000, -90.5400
31227929.687500, -90.2599
31252343.750000, -90.5058
31276757.812500, -91.1402
31301171.875000, -91.3526
31325585.937500, -91.2676
31350000.000000, -90.9956
31374414.062500, -90.6584
31398828.125000, -90.7469
31423242.187500, -91.3053
31447656.250000, -91.7925
31472070.312500, -92.0336
31496484.375000, -91.8992
31520898.437500, -91.3964
31545312.500000, -91.2446
31569726.562500, -91.1248
31594140.625000, -91.1903
31618554.687500, -91.0715
31642968.750000, -90.8298
31667382.812500, -91.1005
31691796.875000, -91.5335
31716210.937500, -91.8285
31740625.000000, -91.5907
31765039.062500, -91.2181
31789453.125000, -91.1038
31813867.187500, -90.8443
31838281.250000, -91.0868
31862695.312500, -91.4764
31887109.375000, -91.4153
31911523.437500, -91.1844
31935937.500000, -90.8748
31960351.562500, -90.9427
31984765.625000, -91.0400
32009179.687500, -90.9800
32033593.750000, -91.0503
32058007.812500, -91.1174
32082421.875000, -91.4966
32106835.937500, -91.8005
32131250.000000, -91.5474
32155664.062500, -91.2952
32180078.125000, -91.1474
32204492.187500, -91.2220
32228906.250000, -91.2930
32253320.312500, -90.7693
32277734.375000, -90.1319
32302148.437500, -90.0374
32326562.500000, -90.5668
32350976.562500, -91.1167
32375390.625000, -91.7028
32399804.687500, -92.1015
32424218.750000, -92.1737
32448632.812500, -92.2035
32473046.875000, -92.0044
32497460.937500, -91.8630
32521875.000000, -91.5857
32546289.062500, -91.2585
32570703.125000, -91.1897
32595117.187500, -91.2433
32619531.250000, -91.3348
32643945.312500, -91.2175
32668359.375000, -91.1044
32692773.437500, -91.1356
32717187.500000, -90.7452
32741601.562500, -90.7171
32766015.625000, -91.2163
32790429.687500, -91.3749
32814843.750000, -91.7918
32839257.812500, -92.0068
32863671.875000, -91.5719
32888085.937500, -91.3724
32912500.000000, -91.2415
32936914.062500, -91.2088
32961328.125000, -91.5754
32985742.187500, -91.3302
33010156.250000, -90.4032
33034570.312500, -90.0574
33058984.375000, -90.0990
33083398.437500, -90.1859
33107812.500000, -90.7177
33132226.562500, -91.3724
33156640.625000, -91.2356
33181054.687500, -90.4772
33205468.750000, -89.8613
33229882.812500, -89.7115
33254296.875000, -89.9759
33278710.937500, -90.3346
33303125.000000, -90.2750
33327539.062500, -90.2422
33351953.125000, -90.2960
33376367.187500, -90.3290
33400781.250000, -90.1832
33425195.312500, -90.3675
33449609.375000, -90.6536
33474023.437500, -90.6053
33498437.500000, -90.6369
33522851.562500, -90.7106
33547265.625000, -90.6311
33571679.687500, -90.6176
33596093.750000, -90.5637
33620507.812500, -90.3296
33644921.875000, -90.4553
33669335.937500, -90.8189
33693750.000000, -90.6891
33718164.062500, -90.8122
33742578.125000, -91.0525
33766992.187500, -91.1475
33791406.250000, -91.5602
33815820.312500, -92.1668
33840234.375000, -92.5812
33864648.437500, -92.5985
33889062.500000, -92.1698
33913476.562500, -91.8043
33937890.625000, -91.3626
33962304.687500, -90.9677
33986718.750000, -91.1042
34011132.812500, -91.4497
34035546.875000, -91.7582
34059960.937500, -92.0389
34084375.000000, -91.7399
34108789.062500, -91.1006
34133203.125000, -90.8119
34157617.187500, -91.0019
34182031.250000, -91.6197
34206445.312500, -92.3121
34230859.375000, -92.2998
34255273.437500, -91.8594
34279687.500000, -91.4956
34304101.562500, -91.2275
34328515.625000, -91.1095
34352929.687500, -90.9100
34377343.750000, -90.7734
34401757.812500, -90.6584
34426171.875000, -90.6821
34450585.937500, -91.4015
34475000.000000, -92.2078
34499414.062500, -93.0510
34523828.125000, -93.4800
34548242.187500, -92.8011
34572656.250000, -91.7789
34597070.312500, -90.9138
34621484.375000, -90.3776
34645898.437500, -90.2098
34670312.500000, -90.1097
34694726.562500, -90.0459
34719140.625000, -90.3052
34743554.687500, -90.7866
34767968.750000, -91.2742
34792382.812500, -91.3170
34816796.875000, -91.1425
34841210.937500, -91.2260
34865625.000000, -91.3526
34890039.062500, -91.4524
34914453.125000, -91.2018
34938867.187500, -90.6637
34963281.250000, -90.5216
34987695.312500, -91.0946
35012109.375000, -91.3566
35036523.437500, -90.8758
35060937.500000, -90.7139
35085351.562500, -90.6171
35109765.625000, -90.5258
35134179.687500, -91.0345
35158593.750000, -91.1323
35183007.812500, -90.5686
35207421.875000, -90.4429
35231835.937500, -90.1758
35256250.000000, -89.9987
35280664.062500, -90.2401
35305078.125000, -90.3233
35329492.187500, -90.3839
35353906.250000, -90.3127
35378320.312500, -90.5064
35402734.375000, -90.6656
35427148.437500, -90.1038
35451562.500000, -89.9401
35475976.562500, -89.7614
35500390.625000, -89.6458
35524804.687500, -89.9747
35549218.750000, -90.1295
35573632.812500, -90.3904
35598046.875000, -90.9023
35622460.937500, -91.1435
35646875.000000, -91.1863
35671289.062500, -91.0761
35695703.125000, -90.8960
35720117.187500, -90.8520
35744531.250000, -90.8239
35768945.312500, -90.5508
35793359.375000, -90.2083
35817773.437500, -89.9570
35842187.500000, -89.6135
35866601.562500, -89.4814
35891015.625000, -89.9164
35915429.687500, -90.5514
35939843.750000, -90.8718
35964257.812500, -91.0313
35988671.875000, -90.6215
36013085.937500, -90.2152
36037500.000000, -90.4592
36061914.062500, -90.6212
36086328.125000, -90.3839
36110742.187500, -90.0255
36135156.250000, -89.5686
36159570.312500, -89.6388
36183984.375000, -90.1971
36208398.437500, -90.3249
36232812.500000, -90.6101
36257226.562500, -90.9773
36281640.625000, -90.9978
36306054.687500, -91.1719
36330468.750000, -91.5348
36354882.812500, -91.7695
36379296.875000, -91.6451
36403710.937500, -91.2289
36428125.000000, -90.9110
36452539.062500, -90.7654
36476953.125000, -90.7683
36501367.187500, -90.8596
36525781.250000, -90.5883
36550195.312500, -90.5882
36574609.375000, -91.0180
36599023.437500, -91.5325
36623437.500000, -91.7307
36647851.562500, -91.5808
36672265.625000, -91.1682
36696679.687500, -90.8145
36721093.750000, -90.9835
36745507.812500, -90.9463
36769921.875000, -90.8726
36794335.937500, -90.7512
36818750.000000, -90.5519
36843164.062500, -90.7557
36867578.125000, -91.1611
36891992.187500, -90.8176
36916406.250000, -89.9893
36940820.312500, -89.4738
36965234.375000, -89.4790
36989648.437500, -90.1054
37014062.500000, -90.7423
37038476.562500, -90.7224
37062890.625000, -90.4978
37087304.687500, -90.2288
37111718.750000, -90.1597
37136132.812500, -90.1771
37160546.875000, -90.0588
37184960.937500, -89.3864
37209375.000000, -88.9198
37233789.062500, -89.1092
37258203.125000, -89.9292
37282617.187500, -90.6153
37307031.250000, -90.9683
37331445.312500, -91.3561
37355859.375000, -91.6466
37380273.437500, -91.7786
37404687.500000, -91.8466
37429101.562500, -91.6463
37453515.625000, -91.3397
37477929.687500, -91.2592
37502343.750000, -91.3136
37526757.812500, -91.1428
37551171.875000, -90.6055
37575585.937500, -90.6091
37600000.000000, -91.1585
37624414.062500, -91.7874
37648828.125000, -92.1662
37673242.187500, -92.1647
37697656.250000, -92.1361
37722070.312500, -91.9844
37746484.375000, -91.4218
37770898.437500, -91.0074
37795312.500000, -91.0352
37819726.562500, -90.7154
37844140.625000, -90.3406
37868554.687500, -90.4147
37892968.750000, -90.5674
37917382.812500, -90.7041
37941796.875000, -90.6670
37966210.937500, -90.5503
37990625.000000, -90.3680
38015039.062500, -90.1279
38039453.125000, -90.1174
38063867.187500, -90.0025
38088281.250000, -90.0759
38112695.312500, -90.1974
38137109.375000, -90.1647
38161523.437500, -90.6899
38185937.500000, -91.4826
38210351.562500, -92.0380
38234765.625000, -92.0906
38259179.687500, -91.2370
38283593.750000, -90.7674
38308007.812500, -90.7728
38332421.875000, -91.3577
38356835.937500, -91.8371
38381250.000000, -91.0565
38405664.062500, -90.2937
38430078.125000, -89.9989
38454492.187500, -90.2944
38478906.250000, -91.2972
38503320.312500, -91.8381
38527734.375000, -91.8423
38552148.437500, -92.1251
38576562.500000, -92.2654
38600976.562500, -92.1435
38625390.625000, -91.6814
38649804.687500, -91.0168
38674218.750000, -90.4078
38698632.812500, -89.9775
38723046.875000, -90.4540
38747460.937500, -90.8384
38771875.000000, -90.7150
38796289.062500, -91.0861
38820703.125000, -91.1721
38845117.187500, -91.0523
38869531.250000, -90.9399
38893945.312500, -90.4123
38918359.375000, -89.9776
38942773.437500, -89.7891
38967187.500000, -90.0623
38991601.562500, -90.8284
39016015.625000, -91.2458
39040429.687500, -91.1022
39064843.750000, -90.7117
39089257.812500, -90.0834
39113671.875000, -89.7982
39138085.937500, -89.8790
39162500.000000, -90.1827
39186914.062500, -90.5267
39211328.125000, -91.0095
39235742.187500, -91.4056
39260156.250000, -91.4049
39284570.312500, -91.2217
39308984.375000, -91.0694
39333398.437500, -90.9448
39357812.500000, -90.9863
39382226.562500, -91.1338
39406640.625000, -91.5517
39431054.687500, -91.7477
39455468.750000, -91.7908
39479882.812500, -92.0438
39504296.875000, -91.9963
39528710.937500, -91.4550
39553125.000000, -90.8961
39577539.062500, -90.4717
39601953.125000, -89.9003
39626367.187500, -89.6900
39650781.250000, -89.6149
39675195.312500, -89.5847
39699609.375000, -89.5558
39724023.437500, -89.6245
39748437.500000, -90.6213
39772851.562500, -91.5227
39797265.625000, -91.4756
39821679.687500, -91.4622
39846093.750000, -91.1827
39870507.812500, -90.9797
39894921.875000, -89.8382
39919335.937500, -72.7292
39943750.000000, -61.8937
39968164.062500, -57.4881
39992578.125000, -56.7116
40016992.187500, -56.7386
40041406.250000, -58.0708
40065820.312500, -63.7154
40090234.375000, -76.4482
40114648.437500, -90.6059
40139062.500000, -90.8030
40163476.562500, -90.7150
40187890.625000, -90.6084
40212304.687500, -90.9359
40236718.750000, -91.2041
40261132.812500, -91.1692
40285546.875000, -91.0534
40309960.937500, -91.0485
40334375.000000, -91.0718
40358789.062500, -90.4423
40383203.125000, -90.1726
40407617.187500, -90.5905
40432031.250000, -90.5585
40456445.312500, -90.2142
40480859.375000, -90.4472
40505273.437500, -90.5804
40529687.500000, -90.8207
40554101.562500, -91.5303
40578515.625000, -91.6231
40602929.687500, -90.7000
40627343.750000, -90.2631
40651757.812500, -90.4134
40676171.875000, -90.8938
40700585.937500, -91.6079
40725000.000000, -91.3840
40749414.062500, -91.0508
40773828.125000, -91.1340
40798242.187500, -91.0727
40822656.250000, -90.6952
40847070.312500, -90.3695
40871484.375000, -90.3677
40895898.437500, -90.5955
40920312.500000, -90.9193
40944726.562500, -91.3348
40969140.625000, -91.3511
40993554.687500, -90.7298
41017968.750000, -90.6213
41042382.812500, -91.0010
41066796.875000, -90.8832
41091210.937500, -90.6962
41115625.000000, -90.8902
41140039.062500, -91.4384
41164453.125000, -91.7827
41188867.187500, -91.2538
41213281.250000, -90.2629
41237695.312500, -89.7314
41262109.375000, -89.5947
41286523.437500, -89.8426
41310937.500000, -90.0992
41335351.562500, -90.0473
41359765.625000, -89.9911
41384179.687500, -90.0836
41408593.750000, -90.2689
41433007.812500, -90.0015
41457421.875000, -89.8698
41481835.937500, -90.2213
41506250.000000, -90.5108
41530664.062500, -90.6394
41555078.125000, -90.4275
41579492.187500, -89.9228
41603906.250000, -89.7380
41628320.312500, -89.8193
41652734.375000, -90.3493
41677148.437500, -90.3420
41701562.500000, -89.8959
41725976.562500, -89.8519
41750390.625000, -89.7169
41774804.687500, -89.8250
41799218.750000, -90.0898
41823632.812500, -90.2927
41848046.875000, -90.2152
41872460.937500, -90.0429
41896875.000000, -90.1442
41921289.062500, -90.3433
41945703.125000, -90.5149
41970117.187500, -90.7692
41994531.250000, -91.1050
42018945.312500, -91.5488
42043359.375000, -91.4213
42067773.437500, -90.7772
42092187.500000, -90.6236
42116601.562500, -90.4719
42141015.625000, -90.3836
42165429.687500, -90.3361
42189843.750000, -90.3539
42214257.812500, -90.2351
42238671.875000, -89.9604
42263085.937500, -90.0750
42287500.000000, -90.1454
42311914.062500, -90.2016
42336328.125000, -90.5612
42360742.187500, -90.6733
42385156.250000, -90.7794
42409570.312500, -90.6346
42433984.375000, -90.1593
42458398.437500, -90.0279
42482812.500000, -89.9840
42507226.562500, -90.2232
42531640.625000, -90.6409
42556054.687500, -90.4053
42580468.750000, -90.1575
42604882.812500, -90.3745
42629296.875000, -90.4186
42653710.937500, -90.6784
42678125.000000, -91.1931
42702539.062500, -91.3163
42726953.125000, -91.1392
42751367.187500, -90.7072
42775781.250000, -90.3788
42800195.312500, -90.2075
42824609.375000, -89.9064
42849023.437500, -90.1782
42873437.500000, -90.8015
42897851.562500, -91.2690
42922265.625000, -91.8880
42946679.687500, -91.7707
42971093.750000, -90.8020
42995507.812500, -89.9788
43019921.875000, -89.6368
43044335.937500, -89.6129
43068750.000000, -89.8522
43093164.062500, -90.2685
43117578.125000, -90.7374
43141992.187500, -91.0861
43166406.250000, -91.1110
43190820.312500, -90.9765
43215234.375000, -90.7603
43239648.437500, -90.3795
43264062.500000, -90.1902
43288476.562500, -90.0312
43312890.625000, -90.3814
43337304.687500, -90.9117
43361718.750000, -90.9505
43386132.812500, -90.5740
43410546.875000, -90.2846
43434960.937500, -90.3895
43459375.000000, -90.8175
43483789.062500, -91.0686
43508203.125000, -91.0079
43532617.187500, -90.7830
43557031.250000, -90.3738
43581445.312500, -90.1469
43605859.375000, -90.1290
43630273.437500, -90.1918
43654687.500000, -90.5450
43679101.562500, -90.7016
43703515.625000, -90.5618
43727929.687500, -90.7054
43752343.750000, -90.6368
43776757.812500, -90.2307
43801171.875000, -90.3530
43825585.937500, -90.4994
43850000.000000, -90.1100
43874414.062500, -90.1765
43898828.125000, -90.4407
43923242.187500, -90.6105
43947656.250000, -90.7991
43972070.312500, -90.8714
43996484.375000, -90.8307
44020898.437500, -90.8334
44045312.500000, -90.6175
44069726.562500, -90.2865
44094140.625000, -90.4080
44118554.687500, -90.6515
44142968.750000, -90.6478
44167382.812500, -90.1587
44191796.875000, -89.5241
44216210.937500, -89.7351
44240625.000000, -90.5757
44265039.062500, -91.7961
44289453.125000, -92.5416
44313867.187500, -91.4817
44338281.250000, -90.7994
44362695.312500, -90.7828
44387109.375000, -90.5196
44411523.437500, -90.4526
44435937.500000, -90.6565
44460351.562500, -90.4202
44484765.625000, -90.0415
44509179.687500, -89.8798
44533593.750000, -89.8352
44558007.812500, -89.6520
44582421.875000, -89.6740
44606835.937500, -90.3181
44631250.000000, -90.9937
44655664.062500, -90.9680
44680078.125000, -90.9023
44704492.187500, -91.4370
44728906.250000, -92.0189
44753320.312500, -92.0429
44777734.375000, -91.5950
44802148.437500, -91.1771
44826562.500000, -91.0498
44850976.562500, -90.6111
44875390.625000, -90.4368
44899804.687500, -90.4448
44924218.750000, -90.1572
44948632.812500, -90.3507
44973046.875000, -90.6636
44997460.937500, -90.8968
45021875.000000, -91.1040
45046289.062500, -90.7124
45070703.125000, -90.4157
45095117.187500, -90.5781
45119531.250000, -90.9866
45143945.312500, -91.2545
45168359.375000, -90.8216
45192773.437500, -90.0289
45217187.500000, -89.8574
45241601.562500, -89.8315
45266015.625000, -90.1657
45290429.687500, -90.8656
45314843.750000, -91.1350
45339257.812500, -91.4918
45363671.875000, -91.9006
45388085.937500, -91.6485
45412500.000000, -90.8457
45436914.062500, -90.3206
45461328.125000, -90.5495
45485742.187500, -91.1683
45510156.250000, -91.5618
45534570.312500, -91.1070
45558984.375000, -90.4916
45583398.437500, -90.2632
45607812.500000, -90.2723
45632226.562500, -90.4170
45656640.625000, -90.4093
45681054.687500, -90.0615
45705468.750000, -90.1125
45729882.812500, -90.5432
45754296.875000, -91.0110
45778710.937500, -90.8056
45803125.000000, -90.3989
45827539.062500, -90.4693
45851953.125000, -90.7047
45876367.187500, -90.8162
45900781.250000, -90.8469
45925195.312500, -90.6604
45949609.375000, -90.5738
45974023.437500, -90.5878
45998437.500000, -90.7363
46022851.562500, -91.0572
46047265.625000, -90.9213
46071679.687500, -90.6514
46096093.750000, -90.7636
46120507.812500, -91.1307
46144921.875000, -91.0052
46169335.937500, -90.2998
46193750.000000, -90.2158
46218164.062500, -90.3160
46242578.125000, -90.3506
46266992.187500, -90.6971
46291406.250000, -90.7546
46315820.312500, -90.9715
46340234.375000, -91.1407
46364648.437500, -90.7825
46389062.500000, -90.5116
46413476.562500, -90.2626
46437890.625000, -89.8001
46462304.687500, -89.5449
46486718.750000, -89.6628
46511132.812500, -90.3258
46535546.875000, -91.0193
46559960.937500, -91.1593
46584375.000000, -91.4026
46608789.062500, -91.2651
46633203.125000, -90.6352
46657617.187500, -90.2755
46682031.250000, -90.3013
46706445.312500, -90.5779
46730859.375000, -90.9000
46755273.437500, -91.3290
46779687.500000, -91.6804
46804101.562500, -91.9908
46828515.625000, -92.2110
46852929.687500, -91.7290
46877343.750000, -90.8925
46901757.812500, -90.3402
46926171.875000, -90.3806
46950585.937500, -90.5968
46975000.000000, -90.6824
46999414.062500, -90.9574
47023828.125000, -91.3100
47048242.187500, -91.1884
47072656.250000, -91.2843
47097070.312500, -91.8234
47121484.375000, -91.7538
47145898.437500, -90.9590
47170312.500000, -90.2436
47194726.562500, -90.0266
47219140.625000, -90.0427
47243554.687500, -90.1090
47267968.750000, -90.6770
47292382.812500, -90.8424
47316796.875000, -90.3039
47341210.937500, -89.9174
47365625.000000, -89.9799
47390039.062500, -89.7894
47414453.125000, -89.5366
47438867.187500, -89.7521
47463281.250000, -90.3506
47487695.312500, -90.3887
47512109.375000, -90.0195
47536523.437500, -89.7320
47560937.500000, -89.5283
47585351.562500, -89.8998
47609765.625000, -90.4744
47634179.687500, -90.9378
47658593.750000, -90.3277
47683007.812500, -89.6411
47707421.875000, -89.4556
47731835.937500, -89.5483
47756250.000000, -89.5481
47780664.062500, -89.1311
47805078.125000, -89.2321
47829492.187500, -89.5478
47853906.250000, -89.4995
47878320.312500, -89.8425
47902734.375000, -90.1952
47927148.437500, -90.2707
47951562.500000, -90.6854
47975976.562500, -91.0963
48000390.625000, -91.0576
48024804.687500, -91.0990
48049218.750000, -90.8492
48073632.812500, -90.5829
48098046.875000, -90.3759
48122460.937500, -90.1347
48146875.000000, -90.3080
48171289.062500, -90.6179
48195703.125000, -90.5311
48220117.187500, -90.1396
48244531.250000, -90.1132
48268945.312500, -89.9757
48293359.375000, -90.2805
48317773.437500, -90.9216
48342187.500000, -91.1051
48366601.562500, -91.0644
48391015.625000, -90.9672
48415429.687500, -91.3130
48439843.750000, -91.9345
48464257.812500, -91.6496
48488671.875000, -91.3813
48513085.937500, -90.8861
48537500.000000, -90.3753
48561914.062500, -90.5163
48586328.125000, -90.4001
48610742.187500, -90.3813
48635156.250000, -90.6747
48659570.312500, -90.6765
48683984.375000, -90.1334
48708398.437500, -89.8114
48732812.500000, -90.2029
48757226.562500, -90.6365
48781640.625000, -91.1131
48806054.687500, -90.9348
48830468.750000, -90.3697
48854882.812500, -90.0690
48879296.875000, -90.2170
48903710.937500, -91.1718
48928125.000000, -91.2857
48952539.062500, -90.9449
48976953.125000, -91.2294
49001367.187500, -90.9663
49025781.250000, -90.6292
49050195.312500, -90.5534
49074609.375000, -90.0435
49099023.437500, -89.5900
49123437.500000, -89.1623
49147851.562500, -88.9588
49172265.625000, -89.3779
49196679.687500, -89.7388
49221093.750000, -89.7983
49245507.812500, -89.9061
49269921.875000, -89.7009
49294335.937500, -89.7079
49318750.000000, -90.2966
49343164.062500, -90.5498
49367578.125000, -90.6746
49391992.187500, -90.8913
49416406.250000, -91.0324
49440820.312500, -91.1756
49465234.375000, -91.0010
49489648.437500, -90.9159
49514062.500000, -90.9718
49538476.562500, -91.0234
49562890.625000, -91.0871
49587304.687500, -90.7854
49611718.750000, -90.7100
49636132.812500, -91.1395
49660546.875000, -91.1429
49684960.937500, -91.3225
49709375.000000, -91.4236
49733789.062500, -91.1833
49758203.125000, -90.8471
49782617.187500, -90.5949
49807031.250000, -90.7080
49831445.312500, -90.7123
49855859.375000, -90.6291
49880273.437500, -90.7149
49904687.500000, -89.3180
49929101.562500, -77.7328
49953515.625000, -69.9607
