97912.597656, -93.7912
99438.476562, -93.4246
100964.355469, -93.7691
102490.234375, -94.8296
104016.113281, -96.4241
105541.992188, -98.0793
107067.871094, -99.2483
108593.750000, -99.7498
110119.628906, -99.5485
111645.507812, -98.3915
113171.386719, -96.8085
114697.265625, -95.5916
116223.144531, -94.7380
117749.023438, -93.9004
119274.902344, -93.1207
120800.781250, -92.7700
122326.660156, -92.9197
123852.539062, -93.2549
125378.417969, -93.6166
126904.296875, -94.2005
128430.175781, -95.1788
129956.054688, -96.4920
131481.933594, -97.9721
133007.812500, -99.3031
134533.691406, -99.5152
136059.570312, -98.4889
137585.449219, -97.2895
139111.328125, -96.3713
140637.207031, -95.8776
142163.085938, -95.7421
143688.964844, -95.7497
145214.843750, -95.9421
146740.722656, -96.3731
148266.601562, -96.6052
149792.480469, -96.3102
151318.359375, -95.7781
152844.238281, -95.2071
154370.117188, -94.6205
155895.996094, -94.1494
157421.875000, -94.1189
158947.753906, -94.7008
160473.632812, -95.5598
161999.511719, -96.0113
163525.390625, -95.5611
165051.269531, -94.7929
166577.148438, -94.6973
168103.027344, -95.4317
169628.906250, -96.3477
171154.785156, -96.7832
172680.664062, -97.0534
174206.542969, -97.9329
175732.421875, -99.1287
177258.300781, -98.9933
178784.179688, -97.7390
180310.058594, -96.5674
181835.937500, -95.5152
183361.816406, -94.3403
184887.695312, -93.2411
186413.574219, -92.6582
187939.453125, -92.6509
189465.332031, -92.8657
190991.210938, -93.0556
192517.089844, -93.1764
194042.968750, -93.2240
195568.847656, -93.3132
197094.726562, -93.4709
198620.605469, -93.7092
200146.484375, -94.2780
201672.363281, -95.6513
203198.242188, -97.9600
204724.121094, -99.3446
206250.000000, -98.1071
207775.878906, -96.3257
209301.757812, -94.9186
210827.636719, -94.1078
212353.515625, -94.1137
213879.394531, -94.9223
215405.273438, -95.9535
216931.152344, -96.2079
218457.031250, -95.4537
219982.910156, -94.2764
221508.789062, -93.2386
223034.667969, -92.7445
224560.546875, -92.8522
226086.425781, -93.0060
227612.304688, -92.6410
229138.183594, -92.1312
230664.062500, -92.0112
232189.941406, -92.3004
233715.820312, -92.7096
235241.699219, -93.1066
236767.578125, -93.5445
238293.457031, -93.8132
239819.335938, -93.8429
241345.214844, -93.9236
242871.093750, -94.0117
244396.972656, -94.0705
245922.851562, -94.4189
247448.730469, -95.1823
248974.609375, -96.3377
250500.488281, -97.9087
252026.367188, -99.2800
253552.246094, -98.7428
255078.125000, -96.6359
256604.003906, -95.0575
258129.882812, -94.8116
259655.761719, -95.7414
261181.640625, -97.0179
262707.519531, -97.6197
264233.398438, -97.4715
265759.277344, -97.1215
267285.156250, -97.0393
268811.035156, -97.4455
270336.914062, -98.1627
271862.792969, -98.8358
273388.671875, -99.1938
274914.550781, -99.0666
276440.429688, -98.5984
277966.308594, -98.1074
279492.187500, -97.7167
281018.066406, -97.2810
282543.945312, -96.5849
284069.824219, -95.7132
285595.703125, -95.0597
287121.582031, -95.0081
288647.460938, -95.6872
290173.339844, -96.7881
291699.218750, -97.8249
293225.097656, -98.8756
294750.976562, -100.3462
296276.855469, -102.3156
297802.734375, -103.8701
299328.613281, -103.1989
300854.492188, -101.4801
302380.371094, -100.1188
303906.250000, -99.0347
305432.128906, -98.0324
306958.007812, -97.3837
308483.886719, -97.2657
310009.765625, -97.2611
311535.644531, -96.8682
313061.523438, -96.2909
314587.402344, -96.1032
316113.281250, -96.5570
317639.160156, -97.5032
319165.039062, -98.7672
320690.917969, -100.1797
322216.796875, -100.6593
323742.675781, -99.4163
325268.554688, -98.0916
326794.433594, -97.8010
328320.312500, -98.3074
329846.191406, -98.6997
331372.070312, -98.5370
332897.949219, -98.1787
334423.828125, -97.8716
335949.707031, -97.3966
337475.585938, -96.7432
339001.464844, -96.3240
340527.343750, -96.1872
342053.222656, -96.0490
343579.101562, -95.7836
345104.980469, -95.6092
346630.859375, -95.7745
348156.738281, -96.2637
349682.617188, -96.9381
351208.496094, -97.7154
352734.375000, -98.6749
354260.253906, -99.5687
355786.132812, -99.5907
357312.011719, -99.1356
358837.890625, -99.4514
360363.769531, -100.8608
361889.648438, -102.2654
363415.527344, -101.8930
364941.406250, -100.4101
366467.285156, -99.2301
367993.164062, -98.5349
369519.042969, -97.8506
371044.921875, -96.9478
372570.800781, -96.1187
374096.679688, -95.7115
375622.558594, -95.6132
377148.437500, -95.1598
378674.316406, -93.9350
380200.195312, -92.4864
381726.074219, -91.5687
383251.953125, -91.4306
384777.832031, -91.8717
386303.710938, -92.5147
387829.589844, -93.1136
389355.468750, -93.5976
390881.347656, -93.9993
392407.226562, -94.4468
393933.105469, -94.8881
395458.984375, -95.2924
396984.863281, -95.6613
398510.742188, -95.8606
400036.621094, -95.9187
401562.500000, -95.6922
403088.378906, -95.1566
404614.257812, -94.7180
406140.136719, -94.6779
407666.015625, -95.1148
409191.894531, -96.0118
410717.773438, -97.3148
412243.652344, -98.9131
413769.531250, -100.3880
415295.410156, -100.8115
416821.289062, -99.6496
418347.167969, -97.4762
419873.046875, -95.3369
421398.925781, -93.9936
422924.804688, -93.6312
424450.683594, -93.9698
425976.562500, -94.5801
427502.441406, -95.2774
429028.320312, -96.1795
430554.199219, -97.3614
432080.078125, -98.5555
433605.957031, -99.2788
435131.835938, -99.5550
436657.714844, -99.7801
438183.593750, -99.8377
439709.472656, -99.8531
441235.351562, -100.4146
442761.230469, -101.1412
444287.109375, -100.7925
445812.988281, -99.8347
447338.867188, -99.0950
448864.746094, -98.4088
450390.625000, -97.8417
451916.503906, -97.8115
453442.382812, -98.4078
454968.261719, -99.2796
456494.140625, -99.6292
458020.019531, -98.9464
459545.898438, -98.0925
461071.777344, -97.8827
462597.656250, -98.2643
464123.535156, -98.9678
465649.414062, -100.0017
467175.292969, -101.3186
468701.171875, -102.3481
470227.050781, -101.7532
471752.929688, -99.6642
473278.808594, -97.6080
474804.687500, -96.2225
476330.566406, -95.5078
477856.445312, -95.2372
479382.324219, -95.0829
480908.203125, -94.8005
482434.082031, -94.5648
483959.960938, -94.8761
485485.839844, -96.0720
487011.718750, -97.7153
488537.597656, -98.3926
490063.476562, -97.8581
491589.355469, -97.0320
493115.234375, -96.1320
494641.113281, -95.2635
496166.992188, -94.7158
497692.871094, -94.5599
499218.750000, -94.6969
500744.628906, -95.0093
502270.507812, -95.3389
503796.386719, -95.5445
505322.265625, -95.5170
506848.144531, -95.3111
508374.023438, -95.2041
509899.902344, -95.3049
511425.781250, -95.3653
512951.660156, -95.1958
514477.539062, -95.0299
516003.417969, -95.2469
517529.296875, -95.8661
519055.175781, -96.4026
520581.054688, -96.5733
522106.933594, -96.7156
523632.812500, -97.0755
525158.691406, -97.6818
526684.570312, -98.5810
528210.449219, -99.3994
529736.328125, -99.0202
531262.207031, -97.2533
532788.085938, -95.4208
534313.964844, -94.4411
535839.843750, -94.4322
537365.722656, -95.0361
538891.601562, -95.6035
540417.480469, -95.6166
541943.359375, -95.1826
543469.238281, -94.5323
544995.117188, -93.7209
546520.996094, -93.0069
548046.875000, -92.7527
549572.753906, -93.0309
551098.632812, -93.7628
552624.511719, -94.9717
554150.390625, -96.7085
555676.269531, -98.6907
557202.148438, -99.7503
558728.027344, -99.4490
560253.906250, -98.8861
561779.785156, -98.5023
563305.664062, -98.2187
564831.542969, -97.7639
566357.421875, -96.8998
567883.300781, -96.1501
569409.179688, -96.0291
570935.058594, -96.3281
572460.937500, -96.6190
573986.816406, -96.7151
575512.695312, -96.6383
577038.574219, -96.5090
578564.453125, -96.3872
580090.332031, -96.2592
581616.210938, -96.1205
583142.089844, -96.0253
584667.968750, -96.1526
586193.847656, -96.6650
587719.726562, -97.3067
589245.605469, -97.4237
590771.484375, -96.8660
592297.363281, -96.2642
593823.242188, -95.9106
595349.121094, -95.3692
596875.000000, -94.2284
598400.878906, -93.0138
599926.757812, -92.5228
601452.636719, -92.6783
602978.515625, -92.6135
604504.394531, -92.0537
606030.273438, -91.6701
607556.152344, -92.0090
609082.031250, -93.0702
610607.910156, -94.3365
612133.789062, -95.2291
613659.667969, -95.7079
615185.546875, -96.0036
616711.425781, -96.0403
618237.304688, -95.8742
619763.183594, -95.8020
621289.062500, -95.9306
622814.941406, -96.1412
624340.820312, -95.9835
625866.699219, -95.1942
627392.578125, -94.2048
628918.457031, -93.3639
630444.335938, -92.7036
631970.214844, -92.2694
633496.093750, -92.1861
635021.972656, -92.4664
636547.851562, -92.9187
638073.730469, -93.3264
639599.609375, -93.6404
641125.488281, -93.8334
642651.367188, -93.9887
644177.246094, -94.3540
645703.125000, -94.9364
647229.003906, -95.4729
648754.882812, -95.6643
650280.761719, -95.4232
651806.640625, -94.7963
653332.519531, -94.0230
654858.398438, -93.6107
656384.277344, -93.9108
657910.156250, -94.7418
659436.035156, -94.9999
660961.914062, -93.6327
662487.792969, -91.8106
664013.671875, -90.7005
665539.550781, -90.3358
667065.429688, -90.3736
668591.308594, -90.7325
670117.187500, -91.7175
671643.066406, -93.4761
673168.945312, -95.1950
674694.824219, -95.2253
676220.703125, -94.0094
677746.582031, -92.9532
679272.460938, -92.2891
680798.339844, -91.8069
682324.218750, -91.4715
683850.097656, -91.4451
685375.976562, -91.7717
686901.855469, -92.2301
688427.734375, -92.5377
689953.613281, -92.3227
691479.492188, -91.3607
693005.371094, -90.2604
694531.250000, -89.7686
696057.128906, -90.0413
697583.007812, -90.5210
699108.886719, -90.5113
700634.765625, -90.0051
702160.644531, -89.4528
703686.523438, -89.4443
705212.402344, -90.3452
706738.281250, -91.9582
708264.160156, -93.4693
709790.039062, -94.1287
711315.917969, -94.2871
712841.796875, -94.2780
714367.675781, -93.5593
715893.554688, -92.3016
717419.433594, -91.3647
718945.312500, -91.0938
720471.191406, -91.3148
721997.070312, -91.6325
723522.949219, -91.8219
725048.828125, -92.0506
726574.707031, -92.5812
728100.585938, -93.6752
729626.464844, -95.5045
731152.343750, -97.1190
732678.222656, -96.2286
734204.101562, -93.8880
735729.980469, -91.9268
737255.859375, -90.5430
738781.738281, -89.4894
740307.617188, -88.5933
741833.496094, -87.9488
743359.375000, -87.8259
744885.253906, -88.3348
746411.132812, -89.2022
747937.011719, -89.9818
749462.890625, -90.6214
750988.769531, -91.2980
752514.648438, -91.9690
754040.527344, -92.6286
755566.406250, -93.1537
757092.285156, -93.1292
758618.164062, -92.5648
760144.042969, -92.0082
761669.921875, -91.6602
763195.800781, -91.2372
764721.679688, -90.8791
766247.558594, -91.0021
767773.437500, -91.5212
769299.316406, -91.9079
770825.195312, -91.8882
772351.074219, -91.6930
773876.953125, -91.4057
775402.832031, -90.9509
776928.710938, -90.4452
778454.589844, -90.0463
779980.468750, -89.7471
781506.347656, -89.5092
783032.226562, -89.3422
784558.105469, -89.2928
786083.984375, -89.3344
787609.863281, -89.2355
789135.742188, -89.0070
790661.621094, -88.9505
792187.500000, -89.2185
793713.378906, -89.6268
795239.257812, -90.1075
796765.136719, -90.7931
798291.015625, -91.0461
799816.894531, -90.8200
801342.773438, -90.9140
802868.652344, -90.8108
804394.531250, -90.0622
805920.410156, -89.3939
807446.289062, -89.1653
808972.167969, -89.2298
810498.046875, -89.3206
812023.925781, -89.4779
813549.804688, -90.1627
815075.683594, -91.6648
816601.562500, -93.4339
818127.441406, -94.1590
819653.320312, -93.8041
821179.199219, -93.3388
822705.078125, -93.2947
824230.957031, -93.8529
825756.835938, -93.8250
827282.714844, -91.6600
828808.593750, -89.4090
830334.472656, -88.3206
831860.351562, -88.0576
833386.230469, -87.9971
834912.109375, -88.0238
836437.988281, -88.5790
837963.867188, -89.9465
839489.746094, -91.4739
841015.625000, -91.6064
842541.503906, -90.3637
844067.382812, -89.1753
845593.261719, -88.6533
847119.140625, -88.7187
848645.019531, -89.0147
850170.898438, -89.1542
851696.777344, -89.2144
853222.656250, -89.7231
854748.535156, -90.9402
856274.414062, -92.6136
857800.292969, -94.1646
859326.171875, -94.8837
860852.050781, -94.3325
862377.929688, -92.7005
863903.808594, -90.8497
865429.687500, -89.5171
866955.566406, -88.8437
868481.445312, -88.4350
870007.324219, -87.9452
871533.203125, -87.6819
873059.082031, -87.9752
874584.960938, -88.6277
876110.839844, -88.9693
877636.718750, -88.7093
879162.597656, -88.3495
880688.476562, -88.2020
882214.355469, -88.3968
883740.234375, -88.9394
885266.113281, -89.5363
886791.992188, -90.1209
888317.871094, -90.9124
889843.750000, -91.3989
891369.628906, -90.8696
892895.507812, -90.0557
894421.386719, -89.4712
895947.265625, -88.7626
897473.144531, -87.8754
898999.023438, -87.3590
900524.902344, -87.5761
902050.781250, -88.4056
903576.660156, -89.3632
905102.539062, -89.9222
906628.417969, -89.9590
908154.296875, -89.3933
909680.175781, -88.3199
911206.054688, -87.4534
912731.933594, -87.4113
914257.812500, -88.3341
915783.691406, -89.3938
917309.570312, -89.1969
918835.449219, -88.3288
920361.328125, -87.8461
921887.207031, -87.6919
923413.085938, -87.5330
924938.964844, -87.5890
926464.843750, -88.2119
927990.722656, -89.3557
929516.601562, -90.8109
931042.480469, -92.4681
932568.359375, -93.7532
934094.238281, -94.1257
935620.117188, -93.5865
937145.996094, -92.2903
938671.875000, -90.8902
940197.753906, -89.8450
941723.632812, -89.2832
943249.511719, -89.3873
944775.390625, -89.6247
946301.269531, -88.9845
947827.148438, -87.6819
949353.027344, -86.3071
950878.906250, -85.0671
952404.785156, -83.9262
953930.664062, -82.9806
955456.542969, -82.3610
956982.421875, -82.0026
958508.300781, -81.8283
960034.179688, -82.0606
961560.058594, -82.6308
963085.937500, -82.9680
964611.816406, -82.9253
966137.695312, -82.7902
967663.574219, -82.7516
969189.453125, -82.5878
970715.332031, -82.1300
972241.210938, -82.1060
973767.089844, -83.3404
975292.968750, -84.7442
976818.847656, -84.5774
978344.726562, -83.7773
979870.605469, -83.3921
981396.484375, -83.7243
982922.363281, -83.9789
984448.242188, -83.3363
985974.121094, -82.3422
987500.000000, -81.5036
989025.878906, -60.4139
990551.757812, -44.1019
992077.636719, -33.8601
993603.515625, -27.2758
995129.394531, -23.3714
996655.273438, -21.4918
998181.152344, -20.9341
999707.031250, -20.8916
1001232.910156, -20.9117
1002758.789062, -21.3562
1004284.667969, -23.0223
1005810.546875, -26.6289
1007336.425781, -32.8150
1008862.304688, -42.4538
1010388.183594, -57.4162
1011914.062500, -80.2453
1013439.941406, -82.4046
1014965.820312, -83.4696
1016491.699219, -84.3860
1018017.578125, -84.5563
1019543.457031, -83.6351
1021069.335938, -83.1632
1022595.214844, -83.1602
1024121.093750, -82.9407
1025646.972656, -82.4665
1027172.851562, -81.9876
1028698.730469, -81.6706
1030224.609375, -81.8441
1031750.488281, -82.3780
1033276.367188, -82.8198
1034802.246094, -83.2299
1036328.125000, -83.8473
1037854.003906, -84.0730
1039379.882812, -83.3504
1040905.761719, -82.3395
1042431.640625, -81.6646
1043957.519531, -81.5574
1045483.398438, -82.0534
1047009.277344, -82.9375
1048535.156250, -83.9069
1050061.035156, -85.0506
1051586.914062, -86.4492
1053112.792969, -87.6464
1054638.671875, -88.2707
1056164.550781, -88.6656
1057690.429688, -89.1443
1059216.308594, -89.7438
1060742.187500, -90.5362
1062268.066406, -91.6155
1063793.945312, -92.8676
1065319.824219, -93.7219
1066845.703125, -94.3787
1068371.582031, -95.4747
1069897.460938, -94.7284
1071423.339844, -91.7356
1072949.218750, -89.3487
1074475.097656, -87.9559
1076000.976562, -87.3163
1077526.855469, -87.0601
1079052.734375, -87.0601
1080578.613281, -87.5133
1082104.492188, -88.1822
1083630.371094, -88.3932
1085156.250000, -87.9755
1086682.128906, -87.6702
1088208.007812, -88.0819
1089733.886719, -88.8616
1091259.765625, -89.0394
1092785.644531, -88.5889
1094311.523438, -88.2693
1095837.402344, -88.3457
1097363.281250, -88.6773
1098889.160156, -89.0418
1100415.039062, -89.4031
1101940.917969, -89.7557
1103466.796875, -89.6888
1104992.675781, -89.0529
1106518.554688, -88.3972
1108044.433594, -88.1246
1109570.312500, -88.2451
1111096.191406, -88.4789
1112622.070312, -88.5616
1114147.949219, -88.5041
1115673.828125, -88.2811
1117199.707031, -87.8731
1118725.585938, -87.4131
1120251.464844, -87.0011
1121777.343750, -86.7735
1123303.222656, -86.5738
1124829.101562, -86.0183
1126354.980469, -85.3891
1127880.859375, -85.2314
1129406.738281, -85.6473
1130932.617188, -86.2449
1132458.496094, -86.5752
1133984.375000, -86.8896
1135510.253906, -87.6583
1137036.132812, -88.9793
1138562.011719, -90.6307
1140087.890625, -91.9840
1141613.769531, -92.1475
1143139.648438, -91.0659
1144665.527344, -89.4731
1146191.406250, -88.0803
1147717.285156, -87.3324
1149243.164062, -87.2013
1150769.042969, -87.3160
1152294.921875, -87.4267
1153820.800781, -87.6285
1155346.679688, -88.0874
1156872.558594, -88.8196
1158398.437500, -89.4497
1159924.316406, -89.4889
1161450.195312, -89.0777
1162976.074219, -88.7411
1164501.953125, -88.7891
1166027.832031, -88.9180
1167553.710938, -88.6868
1169079.589844, -88.4730
1170605.468750, -89.1018
1172131.347656, -91.1055
1173657.226562, -94.1391
1175183.105469, -96.1172
1176708.984375, -96.3944
1178234.863281, -96.7425
1179760.742188, -97.3971
1181286.621094, -96.9366
1182812.500000, -94.3829
1184338.378906, -91.6499
1185864.257812, -89.9352
1187390.136719, -89.2281
1188916.015625, -89.1324
1190441.894531, -89.3401
1191967.773438, -89.7583
1193493.652344, -90.3420
1195019.531250, -91.0958
1196545.410156, -91.4029
1198071.289062, -90.4706
1199597.167969, -89.6564
1201123.046875, -89.8742
1202648.925781, -90.1343
1204174.804688, -89.5719
1205700.683594, -88.9126
1207226.562500, -88.5329
1208752.441406, -88.4096
1210278.320312, -88.5281
1211804.199219, -88.8249
1213330.078125, -89.0629
1214855.957031, -89.0828
1216381.835938, -88.9621
1217907.714844, -88.8003
1219433.593750, -88.8843
1220959.472656, -89.3099
1222485.351562, -89.9005
1224011.230469, -90.7089
1225537.109375, -92.0273
1227062.988281, -93.2242
1228588.867188, -92.3414
1230114.746094, -90.4081
1231640.625000, -89.0182
1233166.503906, -88.3708
1234692.382812, -88.2901
1236218.261719, -88.5361
1237744.140625, -88.9816
1239270.019531, -89.6331
1240795.898438, -90.5027
1242321.777344, -91.3000
1243847.656250, -91.4551
1245373.535156, -90.9696
1246899.414062, -90.4208
1248425.292969, -90.0811
1249951.171875, -89.8069
1251477.050781, -89.3845
1253002.929688, -88.7145
1254528.808594, -87.8788
1256054.687500, -87.1323
1257580.566406, -86.8131
1259106.445312, -87.1318
1260632.324219, -88.0209
1262158.203125, -89.2732
1263684.082031, -90.8004
1265209.960938, -92.8601
1266735.839844, -96.1658
1268261.718750, -99.0926
1269787.597656, -95.9847
1271313.476562, -93.1188
1272839.355469, -91.9716
1274365.234375, -91.6967
1275891.113281, -91.6786
1277416.992188, -91.8826
1278942.871094, -92.5004
1280468.750000, -93.4157
1281994.628906, -94.2826
1283520.507812, -94.9278
1285046.386719, -95.3333
1286572.265625, -95.5129
1288098.144531, -95.7839
1289624.023438, -96.6232
1291149.902344, -97.6345
1292675.781250, -97.3498
1294201.660156, -95.4736
1295727.539062, -93.4799
1297253.417969, -91.9908
1298779.296875, -90.8183
1300305.175781, -89.9507
1301831.054688, -89.3428
1303356.933594, -88.7810
1304882.812500, -88.3458
1306408.691406, -88.2739
1307934.570312, -88.5862
1309460.449219, -88.9910
1310986.328125, -89.1932
1312512.207031, -89.3565
1314038.085938, -89.6926
1315563.964844, -90.1689
1317089.843750, -90.7043
1318615.722656, -91.2619
1320141.601562, -91.8436
1321667.480469, -92.5150
1323193.359375, -93.2725
1324719.238281, -93.7145
1326245.117188, -93.2623
1327770.996094, -91.8259
1329296.875000, -90.1188
1330822.753906, -88.9275
1332348.632812, -88.4499
1333874.511719, -88.5196
1335400.390625, -88.8799
1336926.269531, -89.3430
1338452.148438, -89.8114
1339978.027344, -90.0519
1341503.906250, -89.8870
1343029.785156, -89.5855
1344555.664062, -89.6424
1346081.542969, -90.3091
1347607.421875, -91.4447
1349133.300781, -92.6884
1350659.179688, -93.8058
1352185.058594, -94.5136
1353710.937500, -94.0609
1355236.816406, -92.7122
1356762.695312, -91.3790
1358288.574219, -90.3638
1359814.453125, -89.8856
1361340.332031, -90.0956
1362866.210938, -90.7933
1364392.089844, -91.5100
1365917.968750, -91.9975
1367443.847656, -92.4448
1368969.726562, -92.9863
1370495.605469, -93.5900
1372021.484375, -94.2583
1373547.363281, -94.5588
1375073.242188, -93.6398
1376599.121094, -92.0591
1378125.000000, -91.0320
1379650.878906, -90.8838
1381176.757812, -91.2865
1382702.636719, -91.8718
1384228.515625, -92.7343
1385754.394531, -94.2065
1387280.273438, -95.8808
1388806.152344, -96.0977
1390332.031250, -95.0549
1391857.910156, -94.0773
1393383.789062, -93.2830
1394909.667969, -92.3954
1396435.546875, -91.3398
1397961.425781, -90.3565
1399487.304688, -89.8780
1401013.183594, -90.2054
1402539.062500, -91.1805
1404064.941406, -92.2993
1405590.820312, -93.2947
1407116.699219, -94.3580
1408642.578125, -95.6772
1410168.457031, -97.0712
1411694.335938, -98.0525
1413220.214844, -97.9922
1414746.093750, -97.2295
1416271.972656, -96.8128
1417797.851562, -96.8510
1419323.730469, -96.7548
1420849.609375, -96.3495
1422375.488281, -95.9458
1423901.367188, -95.6028
1425427.246094, -95.2379
1426953.125000, -94.9430
1428479.003906, -94.9011
1430004.882812, -95.2142
1431530.761719, -95.9233
1433056.640625, -96.9104
1434582.519531, -97.2943
1436108.398438, -96.6174
1437634.277344, -95.8784
1439160.156250, -95.3456
1440686.035156, -94.7509
1442211.914062, -94.3059
1443737.792969, -94.1811
1445263.671875, -94.1926
1446789.550781, -94.0817
1448315.429688, -93.7578
1449841.308594, -93.3091
1451367.187500, -92.8565
1452893.066406, -92.6933
1454418.945312, -92.9748
1455944.824219, -93.3149
1457470.703125, -93.2648
1458996.582031, -93.0445
1460522.460938, -93.1289
1462048.339844, -93.7604
1463574.218750, -94.9588
1465100.097656, -96.4994
1466625.976562, -97.6804
1468151.855469, -98.0012
1469677.734375, -98.4319
1471203.613281, -99.6439
1472729.492188, -100.0359
1474255.371094, -98.2905
1475781.250000, -95.9439
1477307.128906, -93.8322
1478833.007812, -92.2160
1480358.886719, -91.1263
1481884.765625, -90.4923
1483410.644531, -90.2572
1484936.523438, -90.4339
1486462.402344, -91.0585
1487988.281250, -92.0407
1489514.160156, -93.1967
1491040.039062, -94.3634
1492565.917969, -95.3526
1494091.796875, -96.0309
1495617.675781, -96.4200
1497143.554688, -96.4911
1498669.433594, -96.0899
1500195.312500, -95.1112
1501721.191406, -93.8341
1503247.070312, -92.7278
1504772.949219, -92.0333
1506298.828125, -91.6938
1507824.707031, -91.5557
1509350.585938, -91.7493
1510876.464844, -92.6333
1512402.343750, -94.4181
1513928.222656, -96.6875
1515454.101562, -97.7071
1516979.980469, -96.8970
1518505.859375, -96.0403
1520031.738281, -96.0303
1521557.617188, -96.7917
1523083.496094, -97.7256
1524609.375000, -98.1958
1526135.253906, -97.9949
1527661.132812, -97.2617
1529187.011719, -96.1765
1530712.890625, -94.8947
1532238.769531, -93.7115
1533764.648438, -93.0180
1535290.527344, -93.0813
1536816.406250, -93.9207
1538342.285156, -95.1950
1539868.164062, -96.2513
1541394.042969, -96.6305
1542919.921875, -96.5202
1544445.800781, -96.3870
1545971.679688, -96.1535
1547497.558594, -95.5913
1549023.437500, -95.1157
1550549.316406, -95.0502
1552075.195312, -95.2200
1553601.074219, -95.3316
1555126.953125, -95.4425
1556652.832031, -95.8449
1558178.710938, -96.2668
1559704.589844, -96.1681
1561230.468750, -95.7840
1562756.347656, -95.5192
1564282.226562, -95.4398
1565808.105469, -95.7519
1567333.984375, -97.0726
1568859.863281, -99.8468
1570385.742188, -102.2017
1571911.621094, -100.8243
1573437.500000, -98.9312
1574963.378906, -97.7055
1576489.257812, -96.9149
1578015.136719, -96.6716
1579541.015625, -97.1534
1581066.894531, -97.9585
1582592.773438, -98.1266
1584118.652344, -97.4221
1585644.531250, -96.5093
1587170.410156, -95.8108
1588696.289062, -95.2965
1590222.167969, -94.9547
1591748.046875, -94.8891
1593273.925781, -95.0405
1594799.804688, -95.1468
1596325.683594, -95.0625
1597851.562500, -94.9533
1599377.441406, -95.0175
1600903.320312, -95.2444
1602429.199219, -95.5245
1603955.078125, -95.8919
1605480.957031, -96.5414
1607006.835938, -97.7334
1608532.714844, -99.6335
1610058.593750, -101.8305
1611584.472656, -102.7659
1613110.351562, -102.4325
1614636.230469, -101.7936
1616162.109375, -100.5083
1617687.988281, -99.1447
1619213.867188, -98.2911
1620739.746094, -97.9202
1622265.625000, -97.6586
1623791.503906, -97.1163
1625317.382812, -96.3987
1626843.261719, -95.8151
1628369.140625, -95.5137
1629895.019531, -95.5396
1631420.898438, -95.8575
1632946.777344, -96.3958
1634472.656250, -97.2422
1635998.535156, -98.8622
1637524.414062, -101.5606
1639050.292969, -103.1998
1640576.171875, -101.6287
1642102.050781, -99.8962
1643627.929688, -98.9978
1645153.808594, -98.0648
1646679.687500, -96.5651
1648205.566406, -95.4796
1649731.445312, -95.3631
1651257.324219, -96.0306
1652783.203125, -97.2686
1654309.082031, -99.2782
1655834.960938, -102.5921
1657360.839844, -104.5981
1658886.718750, -100.9935
1660412.597656, -98.0757
1661938.476562, -96.6694
1663464.355469, -96.0792
1664990.234375, -95.9158
1666516.113281, -96.0428
1668041.992188, -96.4258
1669567.871094, -97.1871
1671093.750000, -98.3976
1672619.628906, -99.9051
1674145.507812, -101.5756
1675671.386719, -102.9374
1677197.265625, -102.8325
1678723.144531, -102.0390
1680249.023438, -101.5464
1681774.902344, -100.7315
1683300.781250, -99.7338
1684826.660156, -99.3184
1686352.539062, -99.3106
1687878.417969, -98.8682
1689404.296875, -97.8690
1690930.175781, -97.2170
1692456.054688, -97.2135
1693981.933594, -97.2824
1695507.812500, -97.0369
1697033.691406, -96.7386
1698559.570312, -96.5544
1700085.449219, -96.3167
1701611.328125, -96.0366
1703137.207031, -95.8827
1704663.085938, -95.8742
1706188.964844, -95.9381
1707714.843750, -95.9175
1709240.722656, -95.7750
1710766.601562, -95.7145
1712292.480469, -95.9599
1713818.359375, -96.5666
1715344.238281, -97.1801
1716870.117188, -97.3824
1718395.996094, -97.4898
1719921.875000, -97.7269
1721447.753906, -97.7197
1722973.632812, -97.3092
1724499.511719, -96.8857
1726025.390625, -96.9265
1727551.269531, -97.5821
1729077.148438, -98.4633
1730603.027344, -98.6983
1732128.906250, -98.1409
1733654.785156, -97.5107
1735180.664062, -97.0761
1736706.542969, -96.7913
1738232.421875, -96.5601
1739758.300781, -96.2938
1741284.179688, -95.9750
1742810.058594, -95.6865
1744335.937500, -95.6406
1745861.816406, -95.8787
1747387.695312, -96.3000
1748913.574219, -96.9320
1750439.453125, -97.9162
1751965.332031, -99.3495
1753491.210938, -101.0482
1755017.089844, -102.6538
1756542.968750, -103.8296
1758068.847656, -104.0023
1759594.726562, -102.2458
1761120.605469, -99.4697
1762646.484375, -97.3420
1764172.363281, -96.0070
1765698.242188, -95.0816
1767224.121094, -94.5027
1768750.000000, -94.2614
1770275.878906, -94.1623
1771801.757812, -94.0558
1773327.636719, -93.8775
1774853.515625, -93.7214
1776379.394531, -93.8198
1777905.273438, -94.3239
1779431.152344, -95.3017
1780957.031250, -96.7262
1782482.910156, -98.3947
1784008.789062, -100.0973
1785534.667969, -101.1775
1787060.546875, -100.2305
1788586.425781, -98.1983
1790112.304688, -96.7247
1791638.183594, -96.2061
1793164.062500, -96.3944
1794689.941406, -96.8886
1796215.820312, -97.6991
1797741.699219, -99.2902
1799267.578125, -101.6901
1800793.457031, -102.4996
1802319.335938, -100.4861
1803845.214844, -98.7040
1805371.093750, -98.0519
1806896.972656, -98.3631
1808422.851562, -99.2445
1809948.730469, -100.2886
1811474.609375, -101.2045
1813000.488281, -101.2915
1814526.367188, -100.0400
1816052.246094, -98.6313
1817578.125000, -98.1032
1819104.003906, -98.3640
1820629.882812, -98.6566
1822155.761719, -98.5670
1823681.640625, -98.6103
1825207.519531, -99.4805
1826733.398438, -101.1131
1828259.277344, -102.1684
1829785.156250, -101.8066
1831311.035156, -100.7846
1832836.914062, -99.3032
1834362.792969, -97.3093
1835888.671875, -95.5272
1837414.550781, -94.5676
1838940.429688, -94.5541
1840466.308594, -95.3778
1841992.187500, -96.5865
1843518.066406, -97.3126
1845043.945312, -97.1522
1846569.824219, -96.6115
1848095.703125, -96.1538
1849621.582031, -95.9512
1851147.460938, -96.1185
1852673.339844, -96.7186
1854199.218750, -97.8222
1855725.097656, -99.6180
1857250.976562, -102.0403
1858776.855469, -104.0390
1860302.734375, -104.0417
1861828.613281, -102.3026
1863354.492188, -100.4301
1864880.371094, -99.4941
1866406.250000, -99.8241
1867932.128906, -101.2980
1869458.007812, -103.4122
1870983.886719, -105.1919
1872509.765625, -105.4529
1874035.644531, -104.0571
1875561.523438, -102.2477
1877087.402344, -101.0718
1878613.281250, -100.8830
1880139.160156, -101.2239
1881665.039062, -100.8944
1883190.917969, -99.7811
1884716.796875, -98.7508
1886242.675781, -98.2684
1887768.554688, -98.3417
1889294.433594, -98.4751
1890820.312500, -98.2185
1892346.191406, -97.9018
1893872.070312, -97.9795
1895397.949219, -98.2900
1896923.828125, -98.3690
1898449.707031, -98.1829
1899975.585938, -98.1255
1901501.464844, -98.3795
1903027.343750, -98.7575
1904553.222656, -98.9659
1906079.101562, -98.8761
1907604.980469, -98.7193
1909130.859375, -98.8174
1910656.738281, -99.2037
1912182.617188, -99.3563
1913708.496094, -98.7465
1915234.375000, -97.7688
1916760.253906, -97.1133
1918286.132812, -96.9975
1919812.011719, -97.1316
1921337.890625, -97.2184
1922863.769531, -97.2683
1924389.648438, -97.2289
1925915.527344, -96.8912
1927441.406250, -96.3597
1928967.285156, -96.1054
1930493.164062, -96.4740
1932019.042969, -97.4404
1933544.921875, -98.7844
1935070.800781, -100.2132
1936596.679688, -100.9972
1938122.558594, -100.6533
1939648.437500, -99.9546
1941174.316406, -99.3421
1942700.195312, -98.7042
1944226.074219, -98.1994
1945751.953125, -98.0968
1947277.832031, -98.3112
1948803.710938, -98.3474
1950329.589844, -97.9872
1951855.468750, -97.5962
1953381.347656, -97.3620
1954907.226562, -97.0437
1956433.105469, -96.4222
1957958.984375, -95.8035
1959484.863281, -95.5366
1961010.742188, -95.5436
1962536.621094, -95.4502
1964062.500000, -95.1749
1965588.378906, -95.3556
1967114.257812, -96.5798
1968640.136719, -98.5163
1970166.015625, -99.4193
1971691.894531, -99.0117
1973217.773438, -98.9781
1974743.652344, -99.6550
1976269.531250, -100.4807
1977795.410156, -100.8922
1979321.289062, -100.8067
1980847.167969, -100.1611
1982373.046875, -99.0434
1983898.925781, -98.2216
1985424.804688, -98.1636
1986950.683594, -98.5820
1988476.562500, -99.0968
1990002.441406, -86.7170
1991528.320312, -75.0525
1993054.199219, -67.6127
1994580.078125, -63.1074
1996105.957031, -60.7968
1997631.835938, -59.9899
1999157.714844, -59.8759
2000683.593750, -59.8610
2002209.472656, -60.1273
2003735.351562, -61.4324
2005261.230469, -64.5269
2006787.109375, -70.0428
2008312.988281, -78.7525
2009838.867188, -92.1067
2011364.746094, -102.3957
2012890.625000, -100.1640
2014416.503906, -98.6998
2015942.382812, -97.9438
2017468.261719, -97.5810
2018994.140625, -97.1987
2020520.019531, -96.7737
2022045.898438, -96.1933
2023571.777344, -95.3838
2025097.656250, -94.6611
2026623.535156, -94.4901
2028149.414062, -94.8904
2029675.292969, -95.4284
2031201.171875, -95.8169
2032727.050781, -96.2175
2034252.929688, -96.9794
2035778.808594, -98.2723
2037304.687500, -99.7268
2038830.566406, -100.7978
2040356.445312, -100.8899
2041882.324219, -99.7631
2043408.203125, -98.5789
2044934.082031, -97.8270
2046459.960938, -97.1072
2047985.839844, -96.2403
2049511.718750, -95.6213
2051037.597656, -95.6852
2052563.476562, -96.4729
2054089.355469, -97.5986
2055615.234375, -98.4614
2057141.113281, -98.9009
2058666.992188, -99.1033
2060192.871094, -98.8200
2061718.750000, -98.0219
2063244.628906, -97.2235
2064770.507812, -96.9426
2066296.386719, -97.3008
2067822.265625, -97.9325
2069348.144531, -98.4070
2070874.023438, -98.6398
2072399.902344, -98.8463
2073925.781250, -99.1200
2075451.660156, -99.3384
2076977.539062, -99.5017
2078503.417969, -99.6681
2080029.296875, -99.7905
2081555.175781, -99.6610
2083081.054688, -99.2098
2084606.933594, -98.7260
2086132.812500, -98.3069
2087658.691406, -97.8477
2089184.570312, -97.4200
2090710.449219, -97.1697
2092236.328125, -97.1027
2093762.207031, -97.1735
2095288.085938, -97.4243
2096813.964844, -97.8600
2098339.843750, -98.4087
2099865.722656, -99.1171
2101391.601562, -99.9111
2102917.480469, -100.2022
2104443.359375, -99.6456
2105969.238281, -98.9148
2107495.117188, -98.4908
2109020.996094, -98.2181
2110546.875000, -98.0175
2112072.753906, -98.0499
2113598.632812, -98.0897
2115124.511719, -97.6838
2116650.390625, -96.9305
2118176.269531, -96.1504
2119702.148438, -95.7054
2121228.027344, -96.0232
2122753.906250, -97.2859
2124279.785156, -99.2233
2125805.664062, -100.9961
2127331.542969, -101.5910
2128857.421875, -100.9408
2130383.300781, -99.8294
2131909.179688, -99.2568
2133435.058594, -99.9723
2134960.937500, -101.5165
2136486.816406, -101.6546
2138012.695312, -100.5139
2139538.574219, -99.1745
2141064.453125, -97.3849
2142590.332031, -95.6768
2144116.210938, -94.6245
2145642.089844, -94.2251
2147167.968750, -94.1574
2148693.847656, -94.3351
2150219.726562, -95.0166
2151745.605469, -96.2108
2153271.484375, -97.4394
2154797.363281, -98.2277
2156323.242188, -98.6427
2157849.121094, -99.0013
2159375.000000, -99.3549
2160900.878906, -99.5056
2162426.757812, -99.3059
2163952.636719, -98.8668
2165478.515625, -98.5346
2167004.394531, -98.3741
2168530.273438, -98.2260
2170056.152344, -98.0794
2171582.031250, -97.9294
2173107.910156, -97.7143
2174633.789062, -97.4448
2176159.667969, -97.2178
2177685.546875, -97.0254
2179211.425781, -96.6804
2180737.304688, -96.0368
2182263.183594, -95.2586
2183789.062500, -94.7151
2185314.941406, -94.5867
2186840.820312, -94.8522
2188366.699219, -95.5089
2189892.578125, -96.6243
2191418.457031, -98.2955
2192944.335938, -100.4503
2194470.214844, -102.4378
2195996.093750, -103.0570
2197521.972656, -102.1568
2199047.851562, -100.6951
2200573.730469, -99.3336
2202099.609375, -98.4819
2203625.488281, -98.3102
2205151.367188, -98.6104
2206677.246094, -99.0165
2208203.125000, -99.4264
2209729.003906, -100.0207
2211254.882812, -100.6627
2212780.761719, -100.7058
2214306.640625, -100.0200
2215832.519531, -98.9508
2217358.398438, -97.9117
2218884.277344, -97.2962
2220410.156250, -97.1522
2221936.035156, -97.2670
2223461.914062, -97.5017
2224987.792969, -97.9428
2226513.671875, -98.8374
2228039.550781, -100.3026
2229565.429688, -101.7833
2231091.308594, -102.3485
2232617.187500, -101.8877
2234143.066406, -100.8346
2235668.945312, -99.8097
2237194.824219, -99.3907
2238720.703125, -99.8127
2240246.582031, -100.7749
2241772.460938, -101.2185
2243298.339844, -100.4922
2244824.218750, -99.1999
2246350.097656, -97.8452
2247875.976562, -96.7730
2249401.855469, -96.2702
2250927.734375, -96.3139
2252453.613281, -96.5800
2253979.492188, -96.8573
2255505.371094, -97.4032
2257031.250000, -98.4682
2258557.128906, -99.6079
2260083.007812, -99.9853
2261608.886719, -99.4762
2263134.765625, -98.5426
2264660.644531, -97.8080
2266186.523438, -97.8070
2267712.402344, -98.5242
2269238.281250, -99.2227
2270764.160156, -99.3300
2272290.039062, -99.2319
2273815.917969, -99.3847
2275341.796875, -99.6239
2276867.675781, -99.7360
2278393.554688, -100.0138
2279919.433594, -100.6688
2281445.312500, -101.4471
2282971.191406, -101.6998
2284497.070312, -101.0616
2286022.949219, -99.9821
2287548.828125, -98.9081
2289074.707031, -97.6643
2290600.585938, -96.1880
2292126.464844, -94.9233
2293652.343750, -94.2368
2295178.222656, -94.2042
2296704.101562, -94.6138
2298229.980469, -95.2220
2299755.859375, -96.1700
2301281.738281, -97.4607
2302807.617188, -98.3113
2304333.496094, -98.3437
2305859.375000, -98.2197
2307385.253906, -98.2321
2308911.132812, -98.2726
2310437.011719, -98.4017
2311962.890625, -98.8358
2313488.769531, -99.8076
2315014.648438, -101.6088
2316540.527344, -103.9747
2318066.406250, -104.7669
2319592.285156, -103.0699
2321118.164062, -100.8620
2322644.042969, -98.8269
2324169.921875, -97.0845
2325695.800781, -95.9545
2327221.679688, -95.5966
2328747.558594, -95.8393
2330273.437500, -96.3934
2331799.316406, -97.0321
2333325.195312, -97.6481
2334851.074219, -98.1845
2336376.953125, -98.7049
2337902.832031, -99.4737
2339428.710938, -100.4660
2340954.589844, -101.3364
2342480.468750, -102.1240
2344006.347656, -103.0734
2345532.226562, -103.9984
2347058.105469, -103.8563
2348583.984375, -102.4520
2350109.863281, -101.3157
2351635.742188, -100.9039
2353161.621094, -100.9034
2354687.500000, -101.1099
2356213.378906, -101.1839
2357739.257812, -101.0893
2359265.136719, -101.2922
2360791.015625, -101.8518
2362316.894531, -102.2928
2363842.773438, -102.2911
2365368.652344, -102.0478
2366894.531250, -101.6478
2368420.410156, -100.9386
2369946.289062, -99.9685
2371472.167969, -99.1446
2372998.046875, -98.8599
2374523.925781, -98.9799
2376049.804688, -98.8786
2377575.683594, -98.2406
2379101.562500, -97.4946
2380627.441406, -97.1247
2382153.320312, -97.2256
2383679.199219, -97.6238
2385205.078125, -98.1456
2386730.957031, -98.5193
2388256.835938, -98.5925
2389782.714844, -98.8107
2391308.593750, -99.2200
2392834.472656, -99.1514
2394360.351562, -98.4308
2395886.230469, -97.7386
2397412.109375, -97.6105
2398937.988281, -97.8548
2400463.867188, -98.0856
2401989.746094, -98.3763
2403515.625000, -98.9102
2405041.503906, -99.7435
2406567.382812, -100.8615
2408093.261719, -101.9760
2409619.140625, -102.3820
2411145.019531, -101.7373
2412670.898438, -100.8006
2414196.777344, -100.5061
2415722.656250, -101.0018
2417248.535156, -101.6176
2418774.414062, -101.8885
2420300.292969, -102.1007
2421826.171875, -102.2359
2423352.050781, -101.6374
2424877.929688, -100.5910
2426403.808594, -100.0850
2427929.687500, -100.2348
2429455.566406, -100.3966
2430981.445312, -100.2472
2432507.324219, -100.2568
2434033.203125, -100.4989
2435559.082031, -100.3572
2437084.960938, -99.6628
2438610.839844, -98.8526
2440136.718750, -98.1288
2441662.597656, -97.6075
2443188.476562, -97.6101
2444714.355469, -98.3413
2446240.234375, -99.4907
2447766.113281, -100.2742
2449291.992188, -100.1174
2450817.871094, -99.2201
2452343.750000, -98.2230
2453869.628906, -97.4769
2455395.507812, -96.9094
2456921.386719, -96.4772
2458447.265625, -96.3669
2459973.144531, -96.5645
2461499.023438, -96.7495
2463024.902344, -96.8462
2464550.781250, -97.2393
2466076.660156, -98.2679
2467602.539062, -99.5664
2469128.417969, -99.9814
2470654.296875, -99.3027
2472180.175781, -98.6226
2473706.054688, -98.8347
2475231.933594, -100.1585
2476757.812500, -101.9736
2478283.691406, -103.3863
2479809.570312, -104.2066
2481335.449219, -104.0953
2482861.328125, -102.3606
2484387.207031, -100.1258
2485913.085938, -98.8237
2487438.964844, -98.5665
2488964.843750, -98.8524
2490490.722656, -99.2849
2492016.601562, -99.6768
2493542.480469, -99.9419
2495068.359375, -100.0426
2496594.238281, -99.9031
2498120.117188, -99.7062
2499645.996094, -99.5215
2501171.875000, -99.1134
2502697.753906, -98.4664
2504223.632812, -97.7710
2505749.511719, -97.0840
2507275.390625, -96.3933
2508801.269531, -95.8787
2510327.148438, -95.6372
2511853.027344, -95.3705
2513378.906250, -94.7943
2514904.785156, -94.2142
2516430.664062, -94.1918
2517956.542969, -94.9285
2519482.421875, -96.1761
2521008.300781, -97.5574
2522534.179688, -98.7962
2524060.058594, -99.6442
2525585.937500, -100.1562
2527111.816406, -100.5866
2528637.695312, -100.5532
2530163.574219, -99.7661
2531689.453125, -98.7430
2533215.332031, -98.0314
2534741.210938, -97.9057
2536267.089844, -98.2689
2537792.968750, -98.6570
2539318.847656, -98.6935
2540844.726562, -98.8138
2542370.605469, -99.4620
2543896.484375, -100.3163
2545422.363281, -100.7778
2546948.242188, -100.7675
2548474.121094, -100.4846
2550000.000000, -99.8406
2551525.878906, -98.8832
2553051.757812, -97.9101
2554577.636719, -97.1330
2556103.515625, -96.7764
2557629.394531, -96.8951
2559155.273438, -97.2352
2560681.152344, -97.4871
2562207.031250, -97.3989
2563732.910156, -96.6936
2565258.789062, -95.5716
2566784.667969, -94.8300
2568310.546875, -94.8466
2569836.425781, -95.4442
2571362.304688, -96.3244
2572888.183594, -97.2553
2574414.062500, -98.0931
2575939.941406, -98.6100
2577465.820312, -98.7183
2578991.699219, -98.8436
2580517.578125, -99.1790
2582043.457031, -99.5429
2583569.335938, -99.9445
2585095.214844, -100.5318
2586621.093750, -101.2518
2588146.972656, -101.8180
2589672.851562, -101.8266
2591198.730469, -100.9774
2592724.609375, -99.7432
2594250.488281, -98.9805
2595776.367188, -98.9283
2597302.246094, -99.2155
2598828.125000, -99.4561
2600354.003906, -99.5032
2601879.882812, -99.3532
2603405.761719, -99.1910
2604931.640625, -98.9360
2606457.519531, -98.4180
2607983.398438, -97.9046
2609509.277344, -97.8257
2611035.156250, -98.4369
2612561.035156, -99.5559
2614086.914062, -100.5159
2615612.792969, -100.8372
2617138.671875, -100.8031
2618664.550781, -100.8951
2620190.429688, -101.0844
2621716.308594, -101.0364
2623242.187500, -100.6199
2624768.066406, -100.1504
2626293.945312, -100.2227
2627819.824219, -101.1672
2629345.703125, -102.7360
2630871.582031, -103.4865
2632397.460938, -102.5130
2633923.339844, -100.9940
2635449.218750, -99.6401
2636975.097656, -98.6342
2638500.976562, -98.0226
2640026.855469, -97.9538
2641552.734375, -98.4142
2643078.613281, -99.0626
2644604.492188, -99.6375
2646130.371094, -100.0635
2647656.250000, -100.0853
2649182.128906, -99.6140
2650708.007812, -99.2061
2652233.886719, -99.3075
2653759.765625, -99.8654
2655285.644531, -100.6659
2656811.523438, -101.5124
2658337.402344, -102.1962
2659863.281250, -102.4410
2661389.160156, -101.9149
2662915.039062, -100.8918
2664440.917969, -99.9018
2665966.796875, -99.0908
2667492.675781, -98.6337
2669018.554688, -98.8190
2670544.433594, -99.7018
2672070.312500, -101.1486
2673596.191406, -102.9582
2675122.070312, -104.5573
2676647.949219, -105.4423
2678173.828125, -105.8102
2679699.707031, -105.1916
2681225.585938, -103.4595
2682751.464844, -101.7626
2684277.343750, -100.5611
2685803.222656, -99.8954
2687329.101562, -99.9233
2688854.980469, -100.6537
2690380.859375, -101.7993
2691906.738281, -102.8985
2693432.617188, -103.6067
2694958.496094, -103.9702
2696484.375000, -104.0439
2698010.253906, -103.7029
2699536.132812, -103.0659
2701062.011719, -102.5864
2702587.890625, -102.6407
2704113.769531, -103.3426
2705639.648438, -104.5643
2707165.527344, -105.7234
2708691.406250, -105.7354
2710217.285156, -104.1350
2711743.164062, -102.3792
2713269.042969, -101.5631
2714794.921875, -101.4040
2716320.800781, -100.8231
2717846.679688, -99.5766
2719372.558594, -98.4980
2720898.437500, -97.9746
2722424.316406, -97.8249
2723950.195312, -97.7013
2725476.074219, -97.4869
2727001.953125, -97.3342
2728527.832031, -97.3734
2730053.710938, -97.5279
2731579.589844, -97.6222
2733105.468750, -97.6773
2734631.347656, -97.9154
2736157.226562, -98.4756
2737683.105469, -98.9955
2739208.984375, -98.8217
2740734.863281, -98.2425
2742260.742188, -98.0725
2743786.621094, -98.4264
2745312.500000, -98.8584
2746838.378906, -99.2970
2748364.257812, -100.0085
2749890.136719, -100.8476
2751416.015625, -101.2506
2752941.894531, -101.0233
2754467.773438, -100.6205
2755993.652344, -100.3183
2757519.531250, -100.1803
2759045.410156, -100.2585
2760571.289062, -100.6163
2762097.167969, -101.3525
2763623.046875, -102.2120
2765148.925781, -102.5548
2766674.804688, -102.0885
2768200.683594, -101.3910
2769726.562500, -101.0757
2771252.441406, -101.1842
2772778.320312, -101.4748
2774304.199219, -101.5837
2775830.078125, -101.3712
2777355.957031, -100.9842
2778881.835938, -100.2632
2780407.714844, -99.1726
2781933.593750, -98.2090
2783459.472656, -97.6310
2784985.351562, -97.2268
2786511.230469, -96.9045
2788037.109375, -97.0127
2789562.988281, -97.7393
2791088.867188, -98.6016
2792614.746094, -98.9183
2794140.625000, -98.8772
2795666.503906, -99.1273
2797192.382812, -99.8046
2798718.261719, -100.4317
2800244.140625, -100.4552
2801770.019531, -99.8596
2803295.898438, -99.0907
2804821.777344, -98.5395
2806347.656250, -98.2961
2807873.535156, -98.3347
2809399.414062, -98.6558
2810925.292969, -99.1324
2812451.171875, -99.5254
2813977.050781, -99.7528
2815502.929688, -99.9201
2817028.808594, -99.9184
2818554.687500, -99.5634
2820080.566406, -98.9514
2821606.445312, -98.2893
2823132.324219, -97.7222
2824658.203125, -97.2999
2826184.082031, -97.2017
2827709.960938, -97.5291
2829235.839844, -97.9431
2830761.718750, -98.0919
2832287.597656, -98.1219
2833813.476562, -98.2711
2835339.355469, -98.4477
2836865.234375, -98.5330
2838391.113281, -98.9632
2839916.992188, -100.2044
2841442.871094, -101.9403
2842968.750000, -102.7687
2844494.628906, -102.1421
2846020.507812, -101.3463
2847546.386719, -100.9522
2849072.265625, -100.6310
2850598.144531, -100.0130
2852124.023438, -99.2510
2853649.902344, -98.7399
2855175.781250, -98.7344
2856701.660156, -99.2709
2858227.539062, -100.1337
2859753.417969, -100.9961
2861279.296875, -101.7272
2862805.175781, -102.3330
2864331.054688, -102.6760
2865856.933594, -102.7150
2867382.812500, -102.5998
2868908.691406, -102.2225
2870434.570312, -101.6087
2871960.449219, -101.1421
2873486.328125, -100.9297
2875012.207031, -100.8971
2876538.085938, -101.3085
2878063.964844, -102.4118
2879589.843750, -103.5335
2881115.722656, -103.2339
2882641.601562, -101.7224
2884167.480469, -100.1915
2885693.359375, -99.0653
2887219.238281, -98.3502
2888745.117188, -98.0143
2890270.996094, -97.9394
2891796.875000, -98.0212
2893322.753906, -98.3987
2894848.632812, -99.3016
2896374.511719, -100.8525
2897900.390625, -103.0089
2899426.269531, -104.7583
2900952.148438, -104.0703
2902478.027344, -101.9786
2904003.906250, -100.2666
2905529.785156, -99.3991
2907055.664062, -99.1533
2908581.542969, -99.1218
2910107.421875, -99.2480
2911633.300781, -99.6535
2913159.179688, -99.9528
2914685.058594, -99.3962
2916210.937500, -98.3042
2917736.816406, -97.5410
2919262.695312, -97.4965
2920788.574219, -98.2327
2922314.453125, -99.5259
2923840.332031, -100.6525
2925366.210938, -100.5344
2926892.089844, -99.2579
2928417.968750, -98.0787
2929943.847656, -97.5929
2931469.726562, -97.6080
2932995.605469, -97.8025
2934521.484375, -98.1217
2936047.363281, -98.6752
2937573.242188, -99.5467
2939099.121094, -100.7216
2940625.000000, -102.0947
2942150.878906, -103.4870
2943676.757812, -104.7567
2945202.636719, -105.6480
2946728.515625, -105.2980
2948254.394531, -103.8068
2949780.273438, -102.5792
2951306.152344, -101.9566
2952832.031250, -101.5850
2954357.910156, -101.1322
2955883.789062, -100.6635
2957409.667969, -100.6117
2958935.546875, -100.5341
2960461.425781, -99.4885
2961987.304688, -98.0963
2963513.183594, -97.2438
2965039.062500, -97.1031
2966564.941406, -97.5604
2968090.820312, -98.5467
2969616.699219, -100.1094
2971142.578125, -102.0887
2972668.457031, -103.1698
2974194.335938, -102.0370
2975720.214844, -100.4433
2977246.093750, -99.5092
2978771.972656, -99.0968
2980297.851562, -98.8506
2981823.730469, -98.6795
2983349.609375, -98.6533
2984875.488281, -98.6909
2986401.367188, -99.0087
2987927.246094, -98.0032
2989453.125000, -87.2675
2990979.003906, -75.6736
2992504.882812, -67.7211
2994030.761719, -62.7097
2995556.640625, -59.9865
2997082.519531, -58.9186
2998608.398438, -58.7297
3000134.277344, -58.7217
3001660.156250, -58.8756
3003186.035156, -59.8716
3004711.914062, -62.4898
3006237.792969, -67.3633
3007763.671875, -75.1211
3009289.550781, -86.3705
3010815.429688, -97.0882
3012341.308594, -99.2062
3013867.187500, -99.9787
3015393.066406, -101.0982
3016918.945312, -101.9673
3018444.824219, -102.0170
3019970.703125, -100.8929
3021496.582031, -99.1543
3023022.460938, -97.5148
3024548.339844, -96.3504
3026074.218750, -95.6940
3027600.097656, -95.4295
3029125.976562, -95.6109
3030651.855469, -96.4618
3032177.734375, -98.0345
3033703.613281, -99.9195
3035229.492188, -101.4381
3036755.371094, -102.3403
3038281.250000, -102.7007
3039807.128906, -102.2373
3041333.007812, -100.7810
3042858.886719, -99.0298
3044384.765625, -97.6921
3045910.644531, -97.0378
3047436.523438, -96.9738
3048962.402344, -97.1085
3050488.281250, -97.1630
3052014.160156, -97.3155
3053540.039062, -97.8500
3055065.917969, -98.8149
3056591.796875, -99.9435
3058117.675781, -100.7391
3059643.554688, -100.8059
3061169.433594, -100.0266
3062695.312500, -98.7657
3064221.191406, -97.7158
3065747.070312, -97.3519
3067272.949219, -97.7839
3068798.828125, -98.7485
3070324.707031, -99.8407
3071850.585938, -100.9249
3073376.464844, -101.9149
3074902.343750, -102.6098
3076428.222656, -103.2096
3077954.101562, -103.7309
3079479.980469, -103.3598
3081005.859375, -101.6927
3082531.738281, -99.6038
3084057.617188, -97.9007
3085583.496094, -96.8112
3087109.375000, -96.2775
3088635.253906, -96.1256
3090161.132812, -96.2923
3091687.011719, -96.7918
3093212.890625, -97.3804
3094738.769531, -97.6188
3096264.648438, -97.6303
3097790.527344, -97.9478
3099316.406250, -98.3208
3100842.285156, -98.1343
3102368.164062, -97.7249
3103894.042969, -97.6476
3105419.921875, -97.9526
3106945.800781, -98.5252
3108471.679688, -99.5034
3109997.558594, -100.8224
3111523.437500, -101.6999
3113049.316406, -101.7481
3114575.195312, -101.3351
3116101.074219, -100.6985
3117626.953125, -100.1144
3119152.832031, -99.7444
3120678.710938, -99.6580
3122204.589844, -99.9700
3123730.468750, -100.8086
3125256.347656, -102.3129
3126782.226562, -103.5403
3128308.105469, -102.2696
3129833.984375, -100.0546
3131359.863281, -98.6083
3132885.742188, -97.8668
3134411.621094, -97.4187
3135937.500000, -97.1987
3137463.378906, -97.4758
3138989.257812, -98.3926
3140515.136719, -99.7502
3142041.015625, -101.1556
3143566.894531, -102.2615
3145092.773438, -102.8776
3146618.652344, -102.8022
3148144.531250, -101.7215
3149670.410156, -100.1316
3151196.289062, -99.0427
3152722.167969, -98.9083
3154248.046875, -99.4998
3155773.925781, -100.2494
3157299.804688, -100.9817
3158825.683594, -101.8712
3160351.562500, -102.5031
3161877.441406, -102.0065
3163403.320312, -100.7912
3164929.199219, -100.0164
3166455.078125, -100.0958
3167980.957031, -100.7975
3169506.835938, -101.6721
3171032.714844, -102.4489
3172558.593750, -102.9208
3174084.472656, -102.8489
3175610.351562, -102.5523
3177136.230469, -102.6787
3178662.109375, -103.3817
3180187.988281, -103.9316
3181713.867188, -103.4465
3183239.746094, -102.1558
3184765.625000, -100.8292
3186291.503906, -100.0912
3187817.382812, -99.9849
3189343.261719, -99.9879
3190869.140625, -99.7056
3192395.019531, -99.3134
3193920.898438, -98.9651
3195446.777344, -98.4899
3196972.656250, -97.8362
3198498.535156, -97.3349
3200024.414062, -97.3333
3201550.292969, -97.7910
3203076.171875, -98.2015
3204602.050781, -98.1395
3206127.929688, -98.0258
3207653.808594, -98.6949
3209179.687500, -100.4023
3210705.566406, -101.3417
3212231.445312, -99.8548
3213757.324219, -98.2325
3215283.203125, -97.3769
3216809.082031, -96.9806
3218334.960938, -96.6118
3219860.839844, -96.3632
3221386.718750, -96.6908
3222912.597656, -97.7207
3224438.476562, -98.9321
3225964.355469, -99.5193
3227490.234375, -99.7484
3229016.113281, -100.5113
3230541.992188, -102.3292
3232067.871094, -105.0140
3233593.750000, -106.0276
3235119.628906, -104.0384
3236645.507812, -101.5064
3238171.386719, -99.4127
3239697.265625, -98.1105
3241223.144531, -97.6177
3242749.023438, -97.6524
3244274.902344, -97.6942
3245800.781250, -97.4639
3247326.660156, -97.2563
3248852.539062, -97.2457
3250378.417969, -97.3348
3251904.296875, -97.5393
3253430.175781, -98.0672
3254956.054688, -99.1566
3256481.933594, -100.6410
3258007.812500, -101.4961
3259533.691406, -101.1727
3261059.570312, -100.4556
3262585.449219, -99.6748
3264111.328125, -98.6711
3265637.207031, -97.5084
3267163.085938, -96.5765
3268688.964844, -96.0331
3270214.843750, -95.6308
3271740.722656, -95.1116
3273266.601562, -94.5212
3274792.480469, -94.1120
3276318.359375, -94.0752
3277844.238281, -94.4458
3279370.117188, -95.2104
3280895.996094, -96.2803
3282421.875000, -97.3817
3283947.753906, -98.2243
3285473.632812, -98.8448
3286999.511719, -99.5685
3288525.390625, -100.4569
3290051.269531, -101.1056
3291577.148438, -101.3450
3293103.027344, -101.5474
3294628.906250, -101.9788
3296154.785156, -102.4938
3297680.664062, -102.5676
3299206.542969, -101.7322
3300732.421875, -100.0841
3302258.300781, -98.2912
3303784.179688, -97.0425
3305310.058594, -96.5819
3306835.937500, -96.8153
3308361.816406, -97.5775
3309887.695312, -98.7738
3311413.574219, -100.1953
3312939.453125, -101.2344
3314465.332031, -101.3732
3315991.210938, -100.9754
3317517.089844, -100.4718
3319042.968750, -99.7054
3320568.847656, -98.5586
3322094.726562, -97.4246
3323620.605469, -96.6578
3325146.484375, -96.2226
3326672.363281, -96.0632
3328198.242188, -96.2820
3329724.121094, -96.8914
3331250.000000, -97.6667
3332775.878906, -98.1018
3334301.757812, -97.9818
3335827.636719, -97.7923
3337353.515625, -98.0926
3338879.394531, -99.0634
3340405.273438, -100.3284
3341931.152344, -101.1642
3343457.031250, -101.3368
3344982.910156, -101.3031
3346508.789062, -101.3469
3348034.667969, -101.4180
3349560.546875, -101.5457
3351086.425781, -101.9099
3352612.304688, -102.7288
3354138.183594, -104.2068
3355664.062500, -106.1913
3357189.941406, -107.1289
3358715.820312, -106.3831
3360241.699219, -105.8594
3361767.578125, -105.7017
3363293.457031, -104.7031
3364819.335938, -103.3669
3366345.214844, -102.8357
3367871.093750, -103.0929
3369396.972656, -103.3285
3370922.851562, -102.9418
3372448.730469, -102.6787
3373974.609375, -103.2759
3375500.488281, -104.3315
3377026.367188, -105.0539
3378552.246094, -105.3770
3380078.125000, -105.2705
3381604.003906, -104.2667
3383129.882812, -102.6579
3384655.761719, -101.6180
3386181.640625, -101.3116
3387707.519531, -100.7661
3389233.398438, -99.5965
3390759.277344, -98.5068
3392285.156250, -98.0265
3393811.035156, -98.2001
3395336.914062, -98.7149
3396862.792969, -99.2556
3398388.671875, -99.6543
3399914.550781, -99.7683
3401440.429688, -99.7585
3402966.308594, -100.0436
3404492.187500, -100.7211
3406018.066406, -101.4473
3407543.945312, -101.6744
3409069.824219, -101.3168
3410595.703125, -101.0902
3412121.582031, -101.4042
3413647.460938, -102.0631
3415173.339844, -102.6825
3416699.218750, -102.5596
3418225.097656, -101.3634
3419750.976562, -99.9045
3421276.855469, -98.7638
3422802.734375, -97.8822
3424328.613281, -97.1734
3425854.492188, -96.8107
3427380.371094, -97.0409
3428906.250000, -98.0503
3430432.128906, -99.6474
3431958.007812, -101.0038
3433483.886719, -101.3937
3435009.765625, -100.9858
3436535.644531, -100.3824
3438061.523438, -100.0054
3439587.402344, -100.2119
3441113.281250, -101.3007
3442639.160156, -102.5164
3444165.039062, -101.9199
3445690.917969, -100.3437
3447216.796875, -99.3256
3448742.675781, -98.9397
3450268.554688, -98.8752
3451794.433594, -99.1906
3453320.312500, -100.0733
3454846.191406, -100.6085
3456372.070312, -99.7096
3457897.949219, -98.4343
3459423.828125, -97.5084
3460949.707031, -96.8523
3462475.585938, -96.4834
3464001.464844, -96.6525
3465527.343750, -97.4970
3467053.222656, -98.6238
3468579.101562, -99.2361
3470104.980469, -99.3578
3471630.859375, -99.5952
3473156.738281, -100.1012
3474682.617188, -100.8218
3476208.496094, -101.5060
3477734.375000, -101.6054
3479260.253906, -100.8275
3480786.132812, -99.6910
3482312.011719, -98.8001
3483837.890625, -98.2237
3485363.769531, -97.9423
3486889.648438, -97.9836
3488415.527344, -98.1196
3489941.406250, -97.9970
3491467.285156, -97.6153
3492993.164062, -97.4119
3494519.042969, -97.8206
3496044.921875, -98.6998
3497570.800781, -99.0369
3499096.679688, -98.4531
3500622.558594, -97.9348
3502148.437500, -98.0482
3503674.316406, -98.6878
3505200.195312, -99.5301
3506726.074219, -100.4618
3508251.953125, -101.3882
3509777.832031, -101.6691
3511303.710938, -101.1082
3512829.589844, -100.6283
3514355.468750, -100.7549
3515881.347656, -101.3380
3517407.226562, -102.1414
3518933.105469, -102.9531
3520458.984375, -103.2021
3521984.863281, -102.7275
3523510.742188, -102.1313
3525036.621094, -101.6102
3526562.500000, -101.1305
3528088.378906, -100.8868
3529614.257812, -100.9759
3531140.136719, -101.1898
3532666.015625, -101.0566
3534191.894531, -100.4024
3535717.773438, -99.7593
3537243.652344, -99.6555
3538769.531250, -100.2146
3540295.410156, -101.2568
3541821.289062, -102.0795
3543347.167969, -101.6493
3544873.046875, -100.2609
3546398.925781, -98.8406
3547924.804688, -97.7473
3549450.683594, -96.9880
3550976.562500, -96.5167
3552502.441406, -96.3185
3554028.320312, -96.3989
3555554.199219, -96.7067
3557080.078125, -97.0464
3558605.957031, -97.2867
3560131.835938, -97.5081
3561657.714844, -97.7529
3563183.593750, -97.7472
3564709.472656, -97.3398
3566235.351562, -96.9712
3567761.230469, -97.0445
3569287.109375, -97.4409
3570812.988281, -97.7300
3572338.867188, -97.7314
3573864.746094, -97.7075
3575390.625000, -98.1008
3576916.503906, -99.1328
3578442.382812, -100.4178
3579968.261719, -100.7890
3581494.140625, -99.7829
3583020.019531, -98.4725
3584545.898438, -97.5592
3586071.777344, -97.1187
3587597.656250, -97.0191
3589123.535156, -97.1268
3590649.414062, -97.3244
3592175.292969, -97.6175
3593701.171875, -98.1831
3595227.050781, -98.8374
3596752.929688, -98.8449
3598278.808594, -98.0168
3599804.687500, -97.1171
3601330.566406, -96.6818
3602856.445312, -96.7141
3604382.324219, -97.0160
3605908.203125, -97.4029
3607434.082031, -97.7582
3608959.960938, -97.9312
3610485.839844, -98.0357
3612011.718750, -98.6658
3613537.597656, -100.3230
3615063.476562, -103.0934
3616589.355469, -105.9293
3618115.234375, -105.9705
3619641.113281, -103.8144
3621166.992188, -101.5476
3622692.871094, -99.8460
3624218.750000, -98.8479
3625744.628906, -98.3267
3627270.507812, -98.0604
3628796.386719, -98.2177
3630322.265625, -98.9696
3631848.144531, -100.0347
3633374.023438, -101.0687
3634899.902344, -102.0930
3636425.781250, -103.2176
3637951.660156, -104.6013
3639477.539062, -105.7972
3641003.417969, -105.2864
3642529.296875, -103.7481
3644055.175781, -102.6547
3645581.054688, -101.9058
3647106.933594, -100.8863
3648632.812500, -99.6580
3650158.691406, -99.0057
3651684.570312, -99.4623
3653210.449219, -100.9226
3654736.328125, -102.6117
3656262.207031, -103.3601
3657788.085938, -102.8661
3659313.964844, -101.9589
3660839.843750, -101.3074
3662365.722656, -101.1813
3663891.601562, -101.4036
3665417.480469, -101.3719
3666943.359375, -100.8242
3668469.238281, -100.2255
3669995.117188, -99.8639
3671520.996094, -99.2374
3673046.875000, -98.1400
3674572.753906, -97.3464
3676098.632812, -97.2934
3677624.511719, -97.7195
3679150.390625, -98.2014
3680676.269531, -98.7457
3682202.148438, -99.5836
3683728.027344, -100.3263
3685253.906250, -100.1279
3686779.785156, -99.3851
3688305.664062, -98.8014
3689831.542969, -98.2830
3691357.421875, -97.6862
3692883.300781, -97.2012
3694409.179688, -97.0884
3695935.058594, -97.3783
3697460.937500, -97.8323
3698986.816406, -98.3111
3700512.695312, -98.8852
3702038.574219, -99.5732
3703564.453125, -100.0421
3705090.332031, -99.9602
3706616.210938, -99.6172
3708142.089844, -99.3046
3709667.968750, -99.1450
3711193.847656, -99.2341
3712719.726562, -99.6722
3714245.605469, -100.5346
3715771.484375, -101.5022
3717297.363281, -101.9103
3718823.242188, -101.4850
3720349.121094, -100.4528
3721875.000000, -99.3925
3723400.878906, -98.6988
3724926.757812, -98.2067
3726452.636719, -97.7328
3727978.515625, -97.5531
3729504.394531, -98.0906
3731030.273438, -99.4947
3732556.152344, -101.2599
3734082.031250, -102.2322
3735607.910156, -101.8542
3737133.789062, -100.5806
3738659.667969, -99.0927
3740185.546875, -98.0891
3741711.425781, -97.9737
3743237.304688, -98.5618
3744763.183594, -99.2289
3746289.062500, -99.5794
3747814.941406, -99.7797
3749340.820312, -99.9330
3750866.699219, -99.8437
3752392.578125, -99.6226
3753918.457031, -99.5557
3755444.335938, -99.6539
3756970.214844, -99.8947
3758496.093750, -100.4360
3760021.972656, -101.3741
3761547.851562, -102.2119
3763073.730469, -101.9784
3764599.609375, -100.8624
3766125.488281, -99.7347
3767651.367188, -98.8023
3769177.246094, -97.9702
3770703.125000, -97.4594
3772229.003906, -97.5664
3773754.882812, -98.2762
3775280.761719, -99.3120
3776806.640625, -100.4019
3778332.519531, -101.7132
3779858.398438, -103.3625
3781384.277344, -104.0440
3782910.156250, -102.8408
3784436.035156, -101.2789
3785961.914062, -100.3053
3787487.792969, -99.9622
3789013.671875, -99.9897
3790539.550781, -100.4155
3792065.429688, -101.5134
3793591.308594, -102.9672
3795117.187500, -103.8452
3796643.066406, -103.4299
3798168.945312, -101.9240
3799694.824219, -100.5987
3801220.703125, -100.0864
3802746.582031, -100.0131
3804272.460938, -99.6486
3805798.339844, -99.0613
3807324.218750, -98.7863
3808850.097656, -98.7744
3810375.976562, -98.6096
3811901.855469, -98.3922
3813427.734375, -98.6619
3814953.613281, -99.5860
3816479.492188, -100.8107
3818005.371094, -102.1155
3819531.250000, -103.7754
3821057.128906, -105.5491
3822583.007812, -105.9318
3824108.886719, -104.5270
3825634.765625, -102.7996
3827160.644531, -101.4306
3828686.523438, -100.3353
3830212.402344, -99.4248
3831738.281250, -98.9317
3833264.160156, -99.2025
3834790.039062, -100.3298
3836315.917969, -101.9245
3837841.796875, -103.2429
3839367.675781, -103.9108
3840893.554688, -104.1975
3842419.433594, -104.4406
3843945.312500, -104.6432
3845471.191406, -104.1421
3846997.070312, -102.5478
3848522.949219, -101.0175
3850048.828125, -100.3700
3851574.707031, -100.4702
3853100.585938, -100.8326
3854626.464844, -101.1993
3856152.343750, -101.5930
3857678.222656, -101.9269
3859204.101562, -102.1455
3860729.980469, -102.2859
3862255.859375, -102.0598
3863781.738281, -101.4969
3865307.617188, -101.1676
3866833.496094, -101.4160
3868359.375000, -102.2061
3869885.253906, -103.1015
3871411.132812, -103.5110
3872937.011719, -103.4913
3874462.890625, -103.3636
3875988.769531, -102.7641
3877514.648438, -101.3881
3879040.527344, -99.9296
3880566.406250, -98.9758
3882092.285156, -98.4549
3883618.164062, -98.0828
3885144.042969, -97.8873
3886669.921875, -98.1485
3888195.800781, -98.9852
3889721.679688, -100.0924
3891247.558594, -100.7898
3892773.437500, -100.7708
3894299.316406, -100.4488
3895825.195312, -100.2765
3897351.074219, -100.4946
3898876.953125, -101.1406
3900402.832031, -101.8666
3901928.710938, -102.3106
3903454.589844, -102.5961
3904980.468750, -102.5381
3906506.347656, -101.5473
3908032.226562, -99.8483
3909558.105469, -98.1908
3911083.984375, -96.8919
3912609.863281, -96.1104
3914135.742188, -96.0796
3915661.621094, -96.7875
3917187.500000, -97.9827
3918713.378906, -99.4002
3920239.257812, -100.4638
3921765.136719, -100.8302
3923291.015625, -101.0624
3924816.894531, -101.3703
3926342.773438, -101.5424
3927868.652344, -101.5706
3929394.531250, -101.5985
3930920.410156, -101.7942
3932446.289062, -102.2543
3933972.167969, -102.8757
3935498.046875, -103.0519
3937023.925781, -102.3564
3938549.804688, -101.5600
3940075.683594, -101.2832
3941601.562500, -101.2533
3943127.441406, -101.0552
3944653.320312, -100.6995
3946179.199219, -100.0766
3947705.078125, -99.2733
3949230.957031, -98.8985
3950756.835938, -99.4289
3952282.714844, -100.8135
3953808.593750, -101.9333
3955334.472656, -101.5177
3956860.351562, -100.8051
3958386.230469, -100.8058
3959912.109375, -101.1183
3961437.988281, -101.3425
3962963.867188, -101.6699
3964489.746094, -101.8698
3966015.625000, -101.4498
3967541.503906, -100.5666
3969067.382812, -99.5744
3970593.261719, -98.6163
3972119.140625, -97.8769
3973645.019531, -97.5779
3975170.898438, -97.6753
3976696.777344, -97.8413
3978222.656250, -97.8735
3979748.535156, -97.9389
3981274.414062, -98.2225
3982800.292969, -98.5642
3984326.171875, -98.8057
3985852.050781, -99.0952
3987377.929688, -99.1491
3988903.808594, -99.0832
3990429.687500, -98.4231
3991955.566406, -91.7362
3993481.445312, -85.6915
3995007.324219, -82.2600
3996533.203125, -80.7375
3998059.082031, -80.2553
3999584.960938, -80.0222
4001110.839844, -79.9022
4002636.718750, -80.5151
4004162.597656, -82.6177
4005688.476562, -86.7454
4007214.355469, -93.0810
4008740.234375, -100.1855
4010266.113281, -103.7107
4011791.992188, -104.6871
4013317.871094, -105.0409
4014843.750000, -104.4217
4016369.628906, -102.4992
4017895.507812, -100.4301
4019421.386719, -99.0467
4020947.265625, -98.2205
4022473.144531, -97.5814
4023999.023438, -97.1298
4025524.902344, -97.1440
4027050.781250, -97.6974
4028576.660156, -98.5580
4030102.539062, -99.4580
4031628.417969, -100.6128
4033154.296875, -102.1440
4034680.175781, -102.6578
4036206.054688, -101.6261
4037731.933594, -100.5967
4039257.812500, -99.9693
4040783.691406, -99.5563
4042309.570312, -99.3858
4043835.449219, -99.6373
4045361.328125, -100.3519
4046887.207031, -101.1775
4048413.085938, -101.7859
4049938.964844, -102.2586
4051464.843750, -102.5446
4052990.722656, -102.8388
4054516.601562, -103.2272
4056042.480469, -103.2444
4057568.359375, -103.0350
4059094.238281, -102.8269
4060620.117188, -102.4032
4062145.996094, -101.8532
4063671.875000, -101.5000
4065197.753906, -101.3560
4066723.632812, -101.0870
4068249.511719, -100.5955
4069775.390625, -100.4081
4071301.269531, -101.0345
4072827.148438, -102.1008
4074353.027344, -102.1200
4075878.906250, -101.0270
4077404.785156, -100.2575
4078930.664062, -100.2219
4080456.542969, -100.6280
4081982.421875, -101.3557
4083508.300781, -102.2158
4085034.179688, -101.9764
4086560.058594, -100.6210
4088085.937500, -99.5065
4089611.816406, -98.8777
4091137.695312, -98.4902
4092663.574219, -98.2915
4094189.453125, -98.2926
4095715.332031, -98.2896
4097241.210938, -98.0766
4098767.089844, -97.8517
4100292.968750, -97.9010
4101818.847656, -98.2309
4103344.726562, -98.6912
4104870.605469, -99.3926
4106396.484375, -100.8557
4107922.363281, -102.9749
4109448.242188, -103.3740
4110974.121094, -101.4372
4112500.000000, -99.2081
4114025.878906, -97.3951
4115551.757812, -96.2954
4117077.636719, -95.9396
4118603.515625, -96.1055
4120129.394531, -96.6138
4121655.273438, -97.5295
4123181.152344, -98.8257
4124707.031250, -99.9562
4126232.910156, -100.4131
4127758.789062, -100.6024
4129284.667969, -100.5803
4130810.546875, -99.8827
4132336.425781, -98.8427
4133862.304688, -98.0855
4135388.183594, -97.7904
4136914.062500, -97.8024
4138439.941406, -98.0338
4139965.820312, -98.4578
4141491.699219, -98.8313
4143017.578125, -98.8897
4144543.457031, -98.7901
4146069.335938, -98.9012
4147595.214844, -99.2753
4149121.093750, -99.6558
4150646.972656, -99.6922
4152172.851562, -99.4259
4153698.730469, -99.3357
4155224.609375, -99.5546
4156750.488281, -99.7517
4158276.367188, -99.6548
4159802.246094, -99.3579
4161328.125000, -99.1672
4162854.003906, -99.2148
4164379.882812, -99.3595
4165905.761719, -99.5547
4167431.640625, -99.8388
4168957.519531, -99.9913
4170483.398438, -99.6942
4172009.277344, -99.0273
4173535.156250, -98.2979
4175061.035156, -97.8354
4176586.914062, -97.8945
4178112.792969, -98.3499
4179638.671875, -98.8807
4181164.550781, -99.4836
4182690.429688, -100.2932
4184216.308594, -100.9535
4185742.187500, -100.8245
4187268.066406, -100.1064
4188793.945312, -99.3038
4190319.824219, -98.5817
4191845.703125, -97.9576
4193371.582031, -97.3746
4194897.460938, -96.8556
4196423.339844, -96.6246
4197949.218750, -96.8681
4199475.097656, -97.4594
4201000.976562, -98.0595
4202526.855469, -98.4572
4204052.734375, -98.7134
4205578.613281, -99.1044
4207104.492188, -99.9847
4208630.371094, -101.3573
4210156.250000, -102.3326
4211682.128906, -102.0142
4213208.007812, -101.3042
4214733.886719, -100.9828
4216259.765625, -100.8722
4217785.644531, -100.5564
4219311.523438, -99.8048
4220837.402344, -98.8181
4222363.281250, -97.9868
4223889.160156, -97.5684
4225415.039062, -97.5558
4226940.917969, -97.7179
4228466.796875, -97.8980
4229992.675781, -98.2021
4231518.554688, -98.7802
4233044.433594, -99.5957
4234570.312500, -100.2520
4236096.191406, -100.2421
4237622.070312, -99.6536
4239147.949219, -98.8713
4240673.828125, -98.2497
4242199.707031, -98.1005
4243725.585938, -98.6085
4245251.464844, -99.7180
4246777.343750, -100.9542
4248303.222656, -101.6145
4249829.101562, -101.8798
4251354.980469, -102.5626
4252880.859375, -103.8246
4254406.738281, -104.8642
4255932.617188, -104.6101
4257458.496094, -103.5699
4258984.375000, -102.7740
4260510.253906, -102.5330
4262036.132812, -102.5019
4263562.011719, -102.0069
4265087.890625, -101.0489
4266613.769531, -100.2798
4268139.648438, -99.9624
4269665.527344, -99.7517
4271191.406250, -99.4176
4272717.285156, -99.2925
4274243.164062, -99.6252
4275769.042969, -100.0472
4277294.921875, -99.8778
4278820.800781, -99.4291
4280346.679688, -99.3875
4281872.558594, -99.6942
4283398.437500, -100.0299
4284924.316406, -100.4065
4286450.195312, -101.0832
4287976.074219, -102.0911
4289501.953125, -102.6413
4291027.832031, -101.8212
4292553.710938, -100.4541
4294079.589844, -99.4905
4295605.468750, -98.8643
4297131.347656, -98.2561
4298657.226562, -97.7891
4300183.105469, -98.0001
4301708.984375, -99.3615
4303234.863281, -101.9322
4304760.742188, -104.9137
4306286.621094, -106.3116
4307812.500000, -105.7185
4309338.378906, -104.3854
4310864.257812, -102.8300
4312390.136719, -101.5742
4313916.015625, -100.7996
4315441.894531, -100.2227
4316967.773438, -99.5969
4318493.652344, -98.9111
4320019.531250, -98.4962
4321545.410156, -98.8288
4323071.289062, -100.1812
4324597.167969, -102.5060
4326123.046875, -104.8611
4327648.925781, -105.4998
4329174.804688, -104.8362
4330700.683594, -104.3092
4332226.562500, -104.6968
4333752.441406, -105.9035
4335278.320312, -106.7106
4336804.199219, -105.6924
4338330.078125, -103.6968
4339855.957031, -102.3492
4341381.835938, -101.9303
4342907.714844, -101.9377
4344433.593750, -101.8587
4345959.472656, -101.5981
4347485.351562, -101.4119
4349011.230469, -101.3517
4350537.109375, -101.0569
4352062.988281, -100.5077
4353588.867188, -100.1097
4355114.746094, -100.0321
4356640.625000, -100.1012
4358166.503906, -100.0261
4359692.382812, -99.9525
4361218.261719, -100.4415
4362744.140625, -101.7216
4364270.019531, -103.1585
4365795.898438, -103.7727
4367321.777344, -103.8326
4368847.656250, -103.6666
4370373.535156, -103.1578
4371899.414062, -102.7785
4373425.292969, -102.9711
4374951.171875, -103.6914
4376477.050781, -104.4763
4378002.929688, -104.4838
4379528.808594, -103.5803
4381054.687500, -102.6934
4382580.566406, -102.2277
4384106.445312, -101.9984
4385632.324219, -101.8850
4387158.203125, -102.1250
4388684.082031, -102.9402
4390209.960938, -103.8453
4391735.839844, -103.9774
4393261.718750, -103.3608
4394787.597656, -102.4912
4396313.476562, -101.5046
4397839.355469, -100.3864
4399365.234375, -99.4641
4400891.113281, -99.1499
4402416.992188, -99.4537
4403942.871094, -99.9574
4405468.750000, -100.2455
4406994.628906, -100.3437
4408520.507812, -100.4897
4410046.386719, -100.7433
4411572.265625, -100.9219
4413098.144531, -100.8483
4414624.023438, -100.6350
4416149.902344, -100.5372
4417675.781250, -100.5773
4419201.660156, -100.4418
4420727.539062, -100.1451
4422253.417969, -100.1020
4423779.296875, -100.3969
4425305.175781, -100.7407
4426831.054688, -100.7688
4428356.933594, -100.4169
4429882.812500, -99.9972
4431408.691406, -99.7728
4432934.570312, -99.8372
4434460.449219, -100.1857
4435986.328125, -100.7082
4437512.207031, -101.2522
4439038.085938, -101.4719
4440563.964844, -100.9503
4442089.843750, -99.9862
4443615.722656, -99.2635
4445141.601562, -99.2167
4446667.480469, -99.9690
4448193.359375, -101.3864
4449719.238281, -103.3235
4451245.117188, -105.4204
4452770.996094, -105.7056
4454296.875000, -103.7281
4455822.753906, -101.9382
4457348.632812, -101.3012
4458874.511719, -101.8562
4460400.390625, -103.2896
4461926.269531, -104.8465
4463452.148438, -104.8823
4464978.027344, -102.7595
4466503.906250, -100.3738
4468029.785156, -98.7974
4469555.664062, -97.9338
4471081.542969, -97.4452
4472607.421875, -97.2594
4474133.300781, -97.5402
4475659.179688, -98.3404
4477185.058594, -99.3237
4478710.937500, -99.9621
4480236.816406, -100.1575
4481762.695312, -100.2705
4483288.574219, -100.7479
4484814.453125, -101.7999
4486340.332031, -103.1767
4487866.210938, -104.1989
4489392.089844, -104.2883
4490917.968750, -103.6202
4492443.847656, -102.6152
4493969.726562, -101.5151
4495495.605469, -100.6770
4497021.484375, -100.2385
4498547.363281, -100.0099
4500073.242188, -99.7779
4501599.121094, -99.4837
4503125.000000, -99.4447
4504650.878906, -100.0085
4506176.757812, -100.9247
4507702.636719, -101.3592
4509228.515625, -101.0838
4510754.394531, -100.8458
4512280.273438, -101.0643
4513806.152344, -101.7364
4515332.031250, -102.7938
4516857.910156, -104.0370
4518383.789062, -105.3107
4519909.667969, -106.3086
4521435.546875, -106.1666
4522961.425781, -104.9436
4524487.304688, -103.4465
4526013.183594, -101.9960
4527539.062500, -100.6648
4529064.941406, -99.5956
4530590.820312, -99.0816
4532116.699219, -99.3187
4533642.578125, -100.2224
4535168.457031, -101.1802
4536694.335938, -101.2028
4538220.214844, -100.3466
4539746.093750, -99.5962
4541271.972656, -99.5364
4542797.851562, -100.1836
4544323.730469, -101.2023
4545849.609375, -102.0141
4547375.488281, -102.4666
4548901.367188, -102.9277
4550427.246094, -103.2082
4551953.125000, -103.1873
4553479.003906, -103.4461
4555004.882812, -104.5600
4556530.761719, -106.2566
4558056.640625, -105.9917
4559582.519531, -103.5025
4561108.398438, -101.3117
4562634.277344, -100.0169
4564160.156250, -99.5873
4565686.035156, -99.9661
4567211.914062, -100.9904
4568737.792969, -101.5823
4570263.671875, -100.5259
4571789.550781, -99.0371
4573315.429688, -98.2347
4574841.308594, -98.2422
4576367.187500, -98.7987
4577893.066406, -99.5582
4579418.945312, -100.3941
4580944.824219, -101.3101
4582470.703125, -102.0012
4583996.582031, -101.9601
4585522.460938, -101.2160
4587048.339844, -100.3476
4588574.218750, -99.9491
4590100.097656, -100.3666
4591625.976562, -101.5448
4593151.855469, -102.9695
4594677.734375, -103.6987
4596203.613281, -103.0977
4597729.492188, -101.7234
4599255.371094, -100.2293
4600781.250000, -99.0808
4602307.128906, -98.5703
4603833.007812, -98.6190
4605358.886719, -98.9077
4606884.765625, -99.0474
4608410.644531, -98.8806
4609936.523438, -98.5438
4611462.402344, -98.1857
4612988.281250, -97.8391
4614514.160156, -97.4784
4616040.039062, -97.4875
4617565.917969, -98.2858
4619091.796875, -99.6079
4620617.675781, -100.8045
4622143.554688, -101.9342
4623669.433594, -103.6329
4625195.312500, -105.7766
4626721.191406, -105.5945
4628247.070312, -102.9531
4629772.949219, -100.9849
4631298.828125, -100.1161
4632824.707031, -99.9054
4634350.585938, -100.0109
4635876.464844, -100.5628
4637402.343750, -102.0423
4638928.222656, -103.8427
4640454.101562, -103.2500
4641979.980469, -101.0517
4643505.859375, -99.0603
4645031.738281, -97.5600
4646557.617188, -96.7298
4648083.496094, -96.6254
4649609.375000, -97.0270
4651135.253906, -97.6622
4652661.132812, -98.5668
4654187.011719, -99.9202
4655712.890625, -101.6425
4657238.769531, -103.2748
4658764.648438, -104.0510
4660290.527344, -103.7869
4661816.406250, -103.1573
4663342.285156, -102.4073
4664868.164062, -101.5400
4666394.042969, -100.8300
4667919.921875, -100.4472
4669445.800781, -100.1847
4670971.679688, -99.7125
4672497.558594, -99.1975
4674023.437500, -99.1983
4675549.316406, -99.8645
4677075.195312, -100.7751
4678601.074219, -101.4851
4680126.953125, -102.0180
4681652.832031, -102.5985
4683178.710938, -102.9896
4684704.589844, -102.6141
4686230.468750, -101.6005
4687756.347656, -100.5835
4689282.226562, -100.0217
4690808.105469, -100.0114
4692333.984375, -100.3305
4693859.863281, -100.7057
4695385.742188, -101.0574
4696911.621094, -101.3914
4698437.500000, -101.6380
4699963.378906, -101.6971
4701489.257812, -101.3687
4703015.136719, -100.6258
4704541.015625, -99.8477
4706066.894531, -99.3726
4707592.773438, -99.3132
4709118.652344, -99.5537
4710644.531250, -99.9323
4712170.410156, -100.4613
4713696.289062, -100.8632
4715222.167969, -100.3714
4716748.046875, -99.0726
4718273.925781, -98.0103
4719799.804688, -97.6303
4721325.683594, -97.6306
4722851.562500, -97.5996
4724377.441406, -97.5645
4725903.320312, -97.7723
4727429.199219, -98.3141
4728955.078125, -99.2048
4730480.957031, -100.3139
4732006.835938, -101.1222
4733532.714844, -101.2339
4735058.593750, -100.9430
4736584.472656, -100.7325
4738110.351562, -100.6923
4739636.230469, -100.7044
4741162.109375, -100.7344
4742687.988281, -100.5116
4744213.867188, -99.7027
4745739.746094, -98.8900
4747265.625000, -98.8037
4748791.503906, -99.2254
4750317.382812, -99.4010
4751843.261719, -99.1800
4753369.140625, -98.7621
4754895.019531, -98.2098
4756420.898438, -97.7286
4757946.777344, -97.7278
4759472.656250, -98.5253
4760998.535156, -99.9744
4762524.414062, -101.5135
4764050.292969, -102.9225
4765576.171875, -104.5866
4767102.050781, -106.7332
4768627.929688, -108.7684
4770153.808594, -108.7990
4771679.687500, -106.4205
4773205.566406, -104.1882
4774731.445312, -103.1701
4776257.324219, -102.9136
4777783.203125, -102.3174
4779309.082031, -101.2797
4780834.960938, -100.5535
4782360.839844, -100.2804
4783886.718750, -100.1777
4785412.597656, -100.0945
4786938.476562, -100.1079
4788464.355469, -100.2287
4789990.234375, -100.4271
4791516.113281, -100.8970
4793041.992188, -101.5833
4794567.871094, -102.0047
4796093.750000, -102.0460
4797619.628906, -102.0030
4799145.507812, -102.0189
4800671.386719, -102.1564
4802197.265625, -102.6041
4803723.144531, -103.3318
4805249.023438, -103.9672
4806774.902344, -104.2397
4808300.781250, -104.1062
4809826.660156, -103.9220
4811352.539062, -103.9926
4812878.417969, -103.7331
4814404.296875, -102.8557
4815930.175781, -101.9789
4817456.054688, -101.1520
4818981.933594, -100.2536
4820507.812500, -99.5318
4822033.691406, -99.1396
4823559.570312, -99.1928
4825085.449219, -99.7856
4826611.328125, -100.8163
4828137.207031, -101.9720
4829663.085938, -102.7786
4831188.964844, -103.0486
4832714.843750, -103.0725
4834240.722656, -103.3689
4835766.601562, -104.2493
4837292.480469, -105.3359
4838818.359375, -105.8587
4840344.238281, -105.4111
4841870.117188, -104.2891
4843395.996094, -103.1403
4844921.875000, -102.2561
4846447.753906, -101.8777
4847973.632812, -102.3490
4849499.511719, -103.6659
4851025.390625, -105.2594
4852551.269531, -106.5446
4854077.148438, -107.1826
4855603.027344, -106.6557
4857128.906250, -105.2237
4858654.785156, -103.6015
4860180.664062, -102.1088
4861706.542969, -100.9023
4863232.421875, -100.0825
4864758.300781, -99.5243
4866284.179688, -98.9951
4867810.058594, -98.5073
4869335.937500, -98.3142
4870861.816406, -98.5772
4872387.695312, -99.1580
4873913.574219, -99.6717
4875439.453125, -99.7198
4876965.332031, -99.2871
4878491.210938, -98.7325
4880017.089844, -98.2885
4881542.968750, -98.0263
4883068.847656, -98.1807
4884594.726562, -99.0738
4886120.605469, -100.6098
4887646.484375, -101.9648
4889172.363281, -102.0577
4890698.242188, -100.8956
4892224.121094, -99.4809
4893750.000000, -98.6604
4895275.878906, -98.9476
4896801.757812, -100.3285
4898327.636719, -101.7298
4899853.515625, -101.4694
4901379.394531, -100.1456
4902905.273438, -99.1887
4904431.152344, -98.9228
4905957.031250, -99.2991
4907482.910156, -100.2691
4909008.789062, -101.5985
4910534.667969, -102.7655
4912060.546875, -102.9129
4913586.425781, -101.7668
4915112.304688, -100.4447
4916638.183594, -99.9201
4918164.062500, -100.3209
4919689.941406, -101.1732
4921215.820312, -101.7896
4922741.699219, -101.8142
4924267.578125, -101.4775
4925793.457031, -101.0765
4927319.335938, -100.6628
4928845.214844, -100.3352
4930371.093750, -100.0482
4931896.972656, -99.6933
4933422.851562, -99.4427
4934948.730469, -99.3834
4936474.609375, -99.5122
4938000.488281, -99.8014
4939526.367188, -99.9896
4941052.246094, -99.8458
4942578.125000, -99.5947
4944104.003906, -99.9063
4945629.882812, -100.9466
4947155.761719, -101.7049
4948681.640625, -101.2839
4950207.519531, -100.4096
4951733.398438, -99.9433
4953259.277344, -99.8023
4954785.156250, -99.3075
4956311.035156, -98.4892
4957836.914062, -97.9542
4959362.792969, -97.9160
4960888.671875, -98.1881
4962414.550781, -98.4774
4963940.429688, -98.7548
4965466.308594, -99.2928
4966992.187500, -100.3101
4968518.066406, -101.5941
4970043.945312, -102.4970
4971569.824219, -102.9281
4973095.703125, -103.3086
4974621.582031, -103.6670
4976147.460938, -103.9936
4977673.339844, -104.6517
4979199.218750, -105.9249
4980725.097656, -106.8301
4982250.976562, -105.4413
4983776.855469, -103.2167
4985302.734375, -101.8499
4986828.613281, -101.4086
4988354.492188, -101.2610
4989880.371094, -99.2650
4991406.250000, -93.6425
4992932.128906, -88.2373
4994458.007812, -84.7800
4995983.886719, -83.1606
4997509.765625, -82.8065
4999035.644531, -82.9430
5000561.523438, -83.1256
